timestamp,frame_time_ms,memory_bytes,memory_mb,throughput_msg_sec,cache_hit_rate,avg_hop_count,messages_sent
0.020,20.000,956960768,912.63,0.00,0.0000,0.00,0
0.224,204.395,957763584,913.39,0.00,0.0000,0.00,1
0.290,65.613,957898752,913.52,0.00,0.0000,0.00,2
0.322,31.717,957923328,913.55,0.00,0.0000,0.00,3
0.354,32.175,957947904,913.57,0.00,0.0000,0.00,4
0.383,29.281,957984768,913.61,0.00,0.0000,0.00,5
0.412,28.710,958009344,913.63,0.00,0.0000,0.00,6
0.440,28.412,958033920,913.65,0.00,0.0000,0.00,7
0.469,28.987,958058496,913.68,0.00,0.0000,0.00,8
0.507,38.157,958083072,913.70,0.00,0.0000,0.00,9
0.540,33.013,958746624,914.33,0.00,0.0000,0.00,10
0.568,27.813,958775296,914.36,0.00,0.0000,0.00,11
0.594,25.468,958803968,914.39,0.00,0.0000,0.00,12
0.620,26.595,958832640,914.41,0.00,0.0000,0.00,13
0.649,28.554,958853120,914.43,0.00,0.0000,0.00,14
0.676,27.104,958881792,914.46,0.00,0.0000,0.00,15
0.705,28.630,958906368,914.48,0.00,0.0000,0.00,16
0.733,28.495,958939136,914.52,0.00,0.0000,0.00,17
0.766,33.379,958967808,914.54,0.00,0.0000,0.00,18
0.794,27.236,959000576,914.57,0.00,0.0000,0.00,19
0.824,30.506,959156224,914.72,0.00,0.0000,0.00,20
0.853,28.913,959180800,914.75,0.00,0.0000,0.00,21
0.881,27.478,959201280,914.77,0.00,0.0000,0.00,22
0.908,27.693,959225856,914.79,0.00,0.0000,0.00,23
0.941,32.255,959254528,914.82,0.00,0.0000,0.00,24
0.968,27.552,959295488,914.86,0.00,0.0000,0.00,25
0.995,26.751,959324160,914.88,0.00,0.0000,0.00,26
1.022,27.094,959356928,914.91,26.42,0.0000,0.00,27
1.051,28.527,959377408,914.93,26.42,0.0000,0.00,28
1.080,29.475,959406080,914.96,26.42,0.0000,0.00,29
1.122,41.828,959569920,915.12,26.42,0.0000,0.00,30
1.151,29.584,959598592,915.14,26.42,0.0000,0.00,31
1.179,27.351,959631360,915.18,26.42,0.0000,0.00,32
1.214,34.842,959664128,915.21,26.42,0.0000,0.00,33
1.246,32.758,959709184,915.25,26.42,0.0000,0.00,34
1.276,29.834,959733760,915.27,26.42,0.0000,0.00,35
1.308,31.577,959762432,915.30,26.42,0.0000,0.00,36
1.339,31.098,959795200,915.33,26.42,0.0000,0.00,37
1.369,30.281,959823872,915.36,26.42,0.0000,0.00,38
1.397,28.260,959856640,915.39,26.42,0.0000,0.00,39
1.426,28.786,959885312,915.42,26.42,0.0000,0.00,40
1.455,29.044,959909888,915.44,26.42,0.0000,0.00,41
1.482,27.220,959942656,915.47,26.42,0.0000,0.00,42
1.513,30.260,959967232,915.50,26.42,0.0000,0.00,43
1.539,26.743,960000000,915.53,26.42,0.0000,0.00,44
1.568,28.431,960028672,915.55,26.42,0.0000,0.00,45
1.596,28.517,960061440,915.59,26.42,0.0000,0.00,46
1.626,29.201,960086016,915.61,26.42,0.0000,0.00,47
1.663,37.567,960114688,915.64,26.42,0.0000,0.00,48
1.694,31.122,960147456,915.67,26.42,0.0000,0.00,49
1.725,31.030,960184320,915.70,26.42,0.0000,0.00,50
1.758,32.717,960229376,915.75,26.42,0.0000,0.00,51
1.792,33.519,960258048,915.77,26.42,0.0000,0.00,52
1.823,31.825,960290816,915.80,26.42,0.0000,0.00,53
1.855,31.247,960319488,915.83,26.42,0.0000,0.00,54
1.885,30.804,960344064,915.86,26.42,0.0000,0.00,55
1.914,28.239,960372736,915.88,26.42,0.0000,0.00,56
1.944,29.889,960405504,915.91,26.42,0.0000,0.00,57
1.972,28.214,960438272,915.95,26.42,0.0000,0.00,58
2.000,27.849,960466944,915.97,26.42,0.0000,0.00,59
2.029,29.796,960495616,916.00,32.76,0.0000,0.00,60
2.057,28.004,960520192,916.02,32.76,0.0000,0.00,61
2.085,27.854,960552960,916.05,32.76,0.0000,0.00,62
2.114,29.126,960581632,916.08,32.76,0.0000,0.00,63
2.145,30.967,960618496,916.12,32.76,0.0000,0.00,64
2.174,29.061,960655360,916.15,32.76,0.0000,0.00,65
2.204,29.371,960684032,916.18,32.76,0.0000,0.00,66
2.231,26.797,960708608,916.20,32.76,0.0000,0.00,67
2.260,29.278,960753664,916.25,32.76,0.0000,0.00,68
2.291,31.279,960778240,916.27,32.76,0.0000,0.00,69
2.321,30.128,960806912,916.30,32.76,0.0000,0.00,70
2.350,28.544,960831488,916.32,32.76,0.0000,0.00,71
2.381,30.732,960868352,916.36,32.76,0.0000,0.00,72
2.412,31.342,960901120,916.39,32.76,0.0000,0.00,73
2.440,27.732,960933888,916.42,32.76,0.0000,0.00,74
2.469,28.994,960958464,916.44,32.76,0.0000,0.00,75
2.499,30.073,960987136,916.47,32.76,0.0000,0.00,76
2.529,30.649,961015808,916.50,32.76,0.0000,0.00,77
2.559,29.974,961040384,916.52,32.76,0.0000,0.00,78
2.590,30.971,961077248,916.55,32.76,0.0000,0.00,79
2.622,31.286,961114112,916.59,32.76,0.0000,0.00,80
2.656,34.874,961146880,916.62,32.76,0.0000,0.00,81
2.686,29.213,961183744,916.66,32.76,0.0000,0.00,82
2.714,28.591,961216512,916.69,32.76,0.0000,0.00,83
2.743,28.327,961257472,916.73,32.76,0.0000,0.00,84
2.772,29.833,961298432,916.77,32.76,0.0000,0.00,85
2.816,43.614,961347584,916.81,32.76,0.0000,0.00,86
2.845,29.064,961388544,916.85,32.76,0.0000,0.00,87
2.876,30.809,961417216,916.88,32.76,0.0000,0.00,88
2.904,28.298,961454080,916.91,32.76,0.0000,0.00,89
2.933,28.434,961490944,916.95,32.76,0.0000,0.00,90
2.964,30.910,961527808,916.98,32.76,0.0000,0.00,91
2.992,28.611,961564672,917.02,32.76,0.0000,0.00,92
3.019,27.319,961605632,917.06,32.76,0.0000,0.00,93
3.047,27.538,961638400,917.09,33.41,0.0000,0.00,94
3.075,27.969,961675264,917.13,33.41,0.0000,0.00,95
3.103,27.582,961712128,917.16,33.41,0.0000,0.00,96
3.131,28.691,961753088,917.20,33.41,0.0000,0.00,97
3.160,28.797,961789952,917.23,33.41,0.0000,0.00,98
3.191,30.590,961826816,917.27,33.41,0.0000,0.00,99
3.221,30.350,961863680,917.30,33.41,0.0000,0.00,100
3.251,30.297,961900544,917.34,33.41,0.0000,0.00,101
3.284,32.274,961966080,917.40,33.41,0.0000,0.00,102
3.313,29.912,961998848,917.43,33.41,0.0000,0.00,103
3.342,29.004,962035712,917.47,33.41,0.0000,0.00,104
3.370,27.822,962068480,917.50,33.41,0.0000,0.00,105
3.401,30.540,962105344,917.54,33.41,0.0000,0.00,106
3.430,29.503,962146304,917.57,33.41,0.0000,0.00,107
3.458,27.859,962179072,917.61,33.41,0.0000,0.00,108
3.488,29.344,962220032,917.64,33.41,0.0000,0.00,109
3.517,29.479,962392064,917.81,33.41,0.0000,0.00,110
3.546,28.879,962424832,917.84,33.41,0.0000,0.00,111
3.575,29.586,962461696,917.88,33.41,0.0000,0.00,112
3.604,28.677,962498560,917.91,33.41,0.0000,0.00,113
3.632,27.953,962535424,917.95,33.41,0.0000,0.00,114
3.660,28.298,962572288,917.98,33.41,0.0000,0.00,115
3.689,28.166,962609152,918.02,33.41,0.0000,0.00,116
3.715,26.668,962646016,918.05,33.41,0.0000,0.00,117
3.743,28.206,962678784,918.08,33.41,0.0000,0.00,118
3.787,43.992,962727936,918.13,33.41,0.0000,0.00,119
3.820,32.575,962768896,918.17,33.41,0.0000,0.00,120
3.851,30.505,962805760,918.20,33.41,0.0000,0.00,121
3.883,32.151,962846720,918.24,33.41,0.0000,0.00,122
3.912,29.195,962883584,918.28,33.41,0.0000,0.00,123
3.941,29.307,962920448,918.31,33.41,0.0000,0.00,124
3.972,30.573,962957312,918.35,33.41,0.0000,0.00,125
4.001,29.535,962994176,918.38,33.41,0.0000,0.00,126
4.029,27.615,963031040,918.42,33.41,0.0000,0.00,127
4.057,28.037,963133440,918.52,33.67,0.0000,0.00,128
4.085,28.163,963182592,918.56,33.67,0.0000,0.00,129
4.115,30.207,963219456,918.60,33.67,0.0000,0.00,130
4.145,29.390,963256320,918.63,33.67,0.0000,0.00,131
4.174,29.337,963293184,918.67,33.67,0.0000,0.00,132
4.204,29.506,963330048,918.70,33.67,0.0000,0.00,133
4.232,28.559,963362816,918.73,33.67,0.0000,0.00,134
4.260,28.025,963407872,918.78,33.67,0.0000,0.00,135
4.290,29.624,963452928,918.82,33.67,0.0000,0.00,136
4.320,30.225,963489792,918.86,33.67,0.0000,0.00,137
4.352,31.567,963526656,918.89,33.67,0.0000,0.00,138
4.394,42.956,963567616,918.93,33.67,0.0000,0.00,139
4.429,34.077,963608576,918.97,33.67,0.0000,0.00,140
4.461,32.779,963637248,919.00,33.67,0.0000,0.00,141
4.493,32.091,963678208,919.04,33.67,0.0000,0.00,142
4.523,29.572,963715072,919.07,33.67,0.0000,0.00,143
4.551,28.271,963747840,919.10,33.67,0.0000,0.00,144
4.581,29.903,963784704,919.14,33.67,0.0000,0.00,145
4.611,29.818,963821568,919.17,33.67,0.0000,0.00,146
4.640,28.976,963866624,919.21,33.67,0.0000,0.00,147
4.668,28.022,963899392,919.25,33.67,0.0000,0.00,148
4.697,28.998,963936256,919.28,33.67,0.0000,0.00,149
4.727,29.645,963973120,919.32,33.67,0.0000,0.00,150
4.755,28.535,964009984,919.35,33.67,0.0000,0.00,151
4.784,28.764,964046848,919.39,33.67,0.0000,0.00,152
4.813,29.079,964096000,919.43,33.67,0.0000,0.00,153
4.842,29.372,964136960,919.47,33.67,0.0000,0.00,154
4.873,30.470,964165632,919.50,33.67,0.0000,0.00,155
4.901,28.423,964202496,919.54,33.67,0.0000,0.00,156
4.929,27.606,964243456,919.57,33.67,0.0000,0.00,157
4.958,29.341,964280320,919.61,33.67,0.0000,0.00,158
4.987,28.721,964317184,919.64,33.67,0.0000,0.00,159
5.016,29.520,964349952,919.68,33.67,0.0000,0.00,160
5.047,30.219,964386816,919.71,33.67,0.0000,0.00,161
5.076,29.105,964431872,919.75,33.37,0.0000,0.00,162
5.104,28.268,964468736,919.79,33.37,0.0000,0.00,163
5.133,29.216,964501504,919.82,33.37,0.0000,0.00,164
5.163,29.957,964538368,919.86,33.37,0.0000,0.00,165
5.209,45.875,964575232,919.89,33.37,0.0000,0.00,166
5.240,31.148,964612096,919.93,33.37,0.0000,0.00,167
5.272,31.891,964648960,919.96,33.37,0.0000,0.00,168
5.301,28.920,964685824,920.00,33.37,0.0000,0.00,169
5.332,31.357,964730880,920.04,33.37,0.0000,0.00,170
5.361,28.191,964775936,920.08,33.37,0.0000,0.00,171
5.392,31.200,964812800,920.12,33.37,0.0000,0.00,172
5.421,29.556,964849664,920.15,33.37,0.0000,0.00,173
5.451,30.070,964898816,920.20,33.37,0.0000,0.00,174
5.481,30.027,964943872,920.24,33.37,0.0000,0.00,175
5.512,30.514,964993024,920.29,33.37,0.0000,0.00,176
5.541,28.968,965050368,920.34,33.37,0.0000,0.00,177
5.572,30.687,965095424,920.39,33.37,0.0000,0.00,178
5.601,29.213,965144576,920.43,33.37,0.0000,0.00,179
5.632,31.334,965193728,920.48,33.37,0.0000,0.00,180
5.662,29.637,965246976,920.53,33.37,0.0000,0.00,181
5.692,29.941,965304320,920.59,33.37,0.0000,0.00,182
5.723,30.785,965361664,920.64,33.37,0.0000,0.00,183
5.754,31.182,965410816,920.69,33.37,0.0000,0.00,184
5.787,33.460,965472256,920.75,33.37,0.0000,0.00,185
5.819,31.722,965525504,920.80,33.37,0.0000,0.00,186
5.852,33.268,965591040,920.86,33.37,0.0000,0.00,187
5.885,32.560,965640192,920.91,33.37,0.0000,0.00,188
5.928,43.415,965693440,920.96,33.37,0.0000,0.00,189
5.962,33.461,965742592,921.00,33.37,0.0000,0.00,190
5.993,31.246,965799936,921.06,33.37,0.0000,0.00,191
6.022,28.735,965857280,921.11,33.37,0.0000,0.00,192
6.050,28.303,965910528,921.16,33.37,0.0000,0.00,193
6.078,28.563,965951488,921.20,31.91,0.0000,0.00,194
6.108,29.677,966008832,921.26,31.91,0.0000,0.00,195
6.138,30.014,966062080,921.31,31.91,0.0000,0.00,196
6.167,28.849,966111232,921.36,31.91,0.0000,0.00,197
6.194,27.418,966164480,921.41,31.91,0.0000,0.00,198
6.222,27.763,966217728,921.46,31.91,0.0000,0.00,199
6.253,30.663,966402048,921.63,31.91,0.0000,0.00,200
6.283,29.791,966451200,921.68,31.91,0.0000,0.00,201
6.312,29.232,966508544,921.73,31.91,0.0000,0.00,202
6.342,30.441,966557696,921.78,31.91,0.0000,0.00,203
6.372,30.080,966639616,921.86,31.91,0.0000,0.00,204
6.403,30.368,966688768,921.91,31.91,0.0000,0.00,205
6.434,31.194,966754304,921.97,31.91,0.0000,0.00,206
6.464,29.583,966807552,922.02,31.91,0.0000,0.00,207
6.496,32.194,966856704,922.07,31.91,0.0000,0.00,208
6.525,29.688,966905856,922.11,31.91,0.0000,0.00,209
6.556,30.169,966955008,922.16,31.91,0.0000,0.00,210
6.585,29.209,967008256,922.21,31.91,0.0000,0.00,211
6.613,28.560,967061504,922.26,31.91,0.0000,0.00,212
6.644,30.352,967118848,922.32,31.91,0.0000,0.00,213
6.673,29.760,967163904,922.36,31.91,0.0000,0.00,214
6.703,29.634,967217152,922.41,31.91,0.0000,0.00,215
6.733,29.566,967270400,922.46,31.91,0.0000,0.00,216
6.764,30.846,967327744,922.52,31.91,0.0000,0.00,217
6.793,29.263,967376896,922.56,31.91,0.0000,0.00,218
6.823,30.491,967421952,922.61,31.91,0.0000,0.00,219
6.854,30.505,967479296,922.66,31.91,0.0000,0.00,220
6.887,33.153,967553024,922.73,31.91,0.0000,0.00,221
6.921,33.973,967602176,922.78,31.91,0.0000,0.00,222
6.951,30.328,967655424,922.83,31.91,0.0000,0.00,223
6.982,30.661,967704576,922.88,31.91,0.0000,0.00,224
7.013,30.936,967753728,922.92,31.91,0.0000,0.00,225
7.043,29.813,967815168,922.98,31.91,0.0000,0.00,226
7.073,30.646,967868416,923.03,31.91,0.0000,0.00,227
7.103,30.212,967909376,923.07,33.17,0.0000,0.00,228
7.134,30.701,967962624,923.12,33.17,0.0000,0.00,229
7.166,31.460,968146944,923.30,33.17,0.0000,0.00,230
7.197,31.767,968200192,923.35,33.17,0.0000,0.00,231
7.227,29.827,968257536,923.40,33.17,0.0000,0.00,232
7.258,31.012,968314880,923.46,33.17,0.0000,0.00,233
7.287,29.026,968359936,923.50,33.17,0.0000,0.00,234
7.318,31.151,968404992,923.54,33.17,0.0000,0.00,235
7.350,31.631,968462336,923.60,33.17,0.0000,0.00,236
7.380,29.927,968519680,923.65,33.17,0.0000,0.00,237
7.414,33.720,968581120,923.71,33.17,0.0000,0.00,238
7.445,31.290,968638464,923.77,33.17,0.0000,0.00,239
7.476,30.868,968691712,923.82,33.17,0.0000,0.00,240
7.511,34.782,968736768,923.86,33.17,0.0000,0.00,241
7.543,32.282,968790016,923.91,33.17,0.0000,0.00,242
7.573,30.383,968843264,923.96,33.17,0.0000,0.00,243
7.605,31.265,968900608,924.02,33.17,0.0000,0.00,244
7.636,31.320,968949760,924.06,33.17,0.0000,0.00,245
7.667,30.999,969007104,924.12,33.17,0.0000,0.00,246
7.698,30.899,969056256,924.16,33.17,0.0000,0.00,247
7.730,31.965,969105408,924.21,33.17,0.0000,0.00,248
7.759,29.692,969154560,924.26,33.17,0.0000,0.00,249
7.791,31.959,969207808,924.31,33.17,0.0000,0.00,250
7.825,33.637,969269248,924.37,33.17,0.0000,0.00,251
7.857,32.402,969322496,924.42,33.17,0.0000,0.00,252
7.892,34.877,969371648,924.46,33.17,0.0000,0.00,253
7.925,32.730,969441280,924.53,33.17,0.0000,0.00,254
7.956,30.789,969482240,924.57,33.17,0.0000,0.00,255
7.989,32.955,969682944,924.76,33.17,0.0000,0.00,256
8.020,30.974,969752576,924.83,33.17,0.0000,0.00,257
8.050,30.306,969805824,924.88,33.17,0.0000,0.00,258
8.080,30.251,969859072,924.93,33.17,0.0000,0.00,259
8.111,30.280,969916416,924.98,31.77,0.0000,0.00,260
8.141,30.455,969965568,925.03,31.77,0.0000,0.00,261
8.171,29.888,970014720,925.08,31.77,0.0000,0.00,262
8.201,29.606,970067968,925.13,31.77,0.0000,0.00,263
8.232,31.122,970113024,925.17,31.77,0.0000,0.00,264
8.264,31.855,970166272,925.22,31.77,0.0000,0.00,265
8.296,32.442,970227712,925.28,31.77,0.0000,0.00,266
8.327,30.932,970276864,925.33,31.77,0.0000,0.00,267
8.357,30.254,970334208,925.38,31.77,0.0000,0.00,268
8.388,30.698,970379264,925.43,31.77,0.0000,0.00,269
8.427,39.458,970457088,925.50,31.77,0.0000,0.00,270
8.458,30.628,970522624,925.56,31.77,0.0000,0.00,271
8.488,30.544,970579968,925.62,31.77,0.0000,0.00,272
8.519,30.832,970637312,925.67,31.77,0.0000,0.00,273
8.550,30.697,970702848,925.73,31.77,0.0000,0.00,274
8.583,32.651,970756096,925.79,31.77,0.0000,0.00,275
8.615,32.457,970817536,925.84,31.77,0.0000,0.00,276
8.645,29.502,970883072,925.91,31.77,0.0000,0.00,277
8.674,29.379,970944512,925.96,31.77,0.0000,0.00,278
8.704,30.224,971001856,926.02,31.77,0.0000,0.00,279
8.737,32.636,971071488,926.09,31.77,0.0000,0.00,280
8.773,35.858,971132928,926.14,31.77,0.0000,0.00,281
8.808,35.558,971190272,926.20,31.77,0.0000,0.00,282
8.839,30.470,971251712,926.26,31.77,0.0000,0.00,283
8.869,30.274,971309056,926.31,31.77,0.0000,0.00,284
8.899,30.181,971370496,926.37,31.77,0.0000,0.00,285
8.930,31.231,971444224,926.44,31.77,0.0000,0.00,286
8.962,31.407,971505664,926.50,31.77,0.0000,0.00,287
8.992,30.188,971563008,926.55,31.77,0.0000,0.00,288
9.022,29.892,971624448,926.61,31.77,0.0000,0.00,289
9.053,31.141,971689984,926.68,31.77,0.0000,0.00,290
9.083,29.774,971747328,926.73,31.77,0.0000,0.00,291
9.114,31.086,971808768,926.79,31.89,0.0000,0.00,292
9.146,31.730,971870208,926.85,31.89,0.0000,0.00,293
9.177,31.607,971927552,926.90,31.89,0.0000,0.00,294
9.209,31.564,971993088,926.96,31.89,0.0000,0.00,295
9.240,31.360,972054528,927.02,31.89,0.0000,0.00,296
9.271,30.978,972120064,927.09,31.89,0.0000,0.00,297
9.301,29.396,972181504,927.14,31.89,0.0000,0.00,298
9.332,31.337,972234752,927.20,31.89,0.0000,0.00,299
9.363,30.888,972296192,927.25,31.89,0.0000,0.00,300
9.394,30.720,972353536,927.31,31.89,0.0000,0.00,301
9.425,31.755,972414976,927.37,31.89,0.0000,0.00,302
9.457,32.073,972488704,927.44,31.89,0.0000,0.00,303
9.488,31.159,972562432,927.51,31.89,0.0000,0.00,304
9.519,30.825,972619776,927.56,31.89,0.0000,0.00,305
9.551,31.332,972677120,927.62,31.89,0.0000,0.00,306
9.580,29.330,972738560,927.68,31.89,0.0000,0.00,307
9.610,30.432,972795904,927.73,31.89,0.0000,0.00,308
9.641,30.866,972857344,927.79,31.89,0.0000,0.00,309
9.673,31.326,972914688,927.84,31.89,0.0000,0.00,310
9.704,31.083,972980224,927.91,31.89,0.0000,0.00,311
9.734,30.437,973041664,927.96,31.89,0.0000,0.00,312
9.764,30.133,973099008,928.02,31.89,0.0000,0.00,313
9.795,30.913,973156352,928.07,31.89,0.0000,0.00,314
9.826,30.447,973217792,928.13,31.89,0.0000,0.00,315
9.855,29.356,973279232,928.19,31.89,0.0000,0.00,316
9.886,30.564,973344768,928.25,31.89,0.0000,0.00,317
9.915,29.349,973406208,928.31,31.89,0.0000,0.00,318
9.945,30.289,973467648,928.37,31.89,0.0000,0.00,319
9.978,33.065,973541376,928.44,31.89,0.0000,0.00,320
10.009,31.103,973602816,928.50,31.89,0.0000,0.00,321
10.041,31.619,973664256,928.56,31.89,0.0000,0.00,322
10.072,31.314,973725696,928.62,31.89,0.0000,0.00,323
10.102,30.157,973791232,928.68,31.89,0.0000,0.00,324
10.135,32.454,973848576,928.73,32.32,0.0000,0.00,325
10.167,32.027,973910016,928.79,32.32,0.0000,0.00,326
10.198,30.691,973967360,928.85,32.32,0.0000,0.00,327
10.230,32.675,974028800,928.91,32.32,0.0000,0.00,328
10.261,30.370,974098432,928.97,32.32,0.0000,0.00,329
10.292,31.345,974286848,929.15,32.32,0.0000,0.00,330
10.323,31.046,974348288,929.21,32.32,0.0000,0.00,331
10.355,31.476,974409728,929.27,32.32,0.0000,0.00,332
10.385,30.422,974467072,929.32,32.32,0.0000,0.00,333
10.416,30.968,974524416,929.38,32.32,0.0000,0.00,334
10.446,30.075,974589952,929.44,32.32,0.0000,0.00,335
10.476,30.120,974651392,929.50,32.32,0.0000,0.00,336
10.508,31.519,974725120,929.57,32.32,0.0000,0.00,337
10.542,34.413,974790656,929.63,32.32,0.0000,0.00,338
10.572,30.309,974856192,929.70,32.32,0.0000,0.00,339
10.604,31.785,974909440,929.75,32.32,0.0000,0.00,340
10.636,31.636,974983168,929.82,32.32,0.0000,0.00,341
10.667,31.250,975044608,929.88,32.32,0.0000,0.00,342
10.698,31.290,975101952,929.93,32.32,0.0000,0.00,343
10.730,31.269,975167488,929.99,32.32,0.0000,0.00,344
10.761,31.328,975228928,930.05,32.32,0.0000,0.00,345
10.791,29.810,975290368,930.11,32.32,0.0000,0.00,346
10.821,30.528,975347712,930.16,32.32,0.0000,0.00,347
10.851,29.963,975409152,930.22,32.32,0.0000,0.00,348
10.882,30.532,975474688,930.29,32.32,0.0000,0.00,349
10.913,31.559,975540224,930.35,32.32,0.0000,0.00,350
10.946,32.766,975605760,930.41,32.32,0.0000,0.00,351
10.977,31.194,975667200,930.47,32.32,0.0000,0.00,352
11.008,31.199,975749120,930.55,32.32,0.0000,0.00,353
11.041,32.213,975814656,930.61,32.32,0.0000,0.00,354
11.071,30.641,975867904,930.66,32.32,0.0000,0.00,355
11.101,29.714,975933440,930.72,32.32,0.0000,0.00,356
11.134,32.617,975986688,930.77,32.32,0.0000,0.00,357
11.165,31.738,976056320,930.84,32.02,0.0000,0.00,358
11.208,43.083,976130048,930.91,32.02,0.0000,0.00,359
11.241,32.213,976187392,930.96,32.02,0.0000,0.00,360
11.271,30.741,976240640,931.02,32.02,0.0000,0.00,361
11.302,30.679,976306176,931.08,32.02,0.0000,0.00,362
11.336,33.712,976371712,931.14,32.02,0.0000,0.00,363
11.370,33.860,976433152,931.20,32.02,0.0000,0.00,364
11.401,31.554,976494592,931.26,32.02,0.0000,0.00,365
11.433,32.121,976560128,931.32,32.02,0.0000,0.00,366
11.465,31.362,976617472,931.38,32.02,0.0000,0.00,367
11.509,44.018,976695296,931.45,32.02,0.0000,0.00,368
11.543,34.596,976760832,931.51,32.02,0.0000,0.00,369
11.576,33.017,976826368,931.57,32.02,0.0000,0.00,370
11.607,30.925,976887808,931.63,32.02,0.0000,0.00,371
11.641,33.245,976953344,931.70,32.02,0.0000,0.00,372
11.671,30.352,977018880,931.76,32.02,0.0000,0.00,373
11.700,29.346,977076224,931.81,32.02,0.0000,0.00,374
11.730,29.978,977129472,931.86,32.02,0.0000,0.00,375
11.763,32.445,977190912,931.92,32.02,0.0000,0.00,376
11.793,30.055,977252352,931.98,32.02,0.0000,0.00,377
11.824,31.289,977321984,932.05,32.02,0.0000,0.00,378
11.855,31.519,977399808,932.12,32.02,0.0000,0.00,379
11.888,32.049,977469440,932.19,32.02,0.0000,0.00,380
11.918,29.979,977526784,932.24,32.02,0.0000,0.00,381
11.948,30.780,977592320,932.30,32.02,0.0000,0.00,382
11.979,30.736,977657856,932.37,32.02,0.0000,0.00,383
12.009,30.140,977735680,932.44,32.02,0.0000,0.00,384
12.044,35.173,977793024,932.50,32.02,0.0000,0.00,385
12.079,34.755,977866752,932.57,32.02,0.0000,0.00,386
12.111,31.952,977928192,932.63,32.02,0.0000,0.00,387
12.142,30.629,977993728,932.69,32.02,0.0000,0.00,388
12.174,32.549,978063360,932.75,30.73,0.0000,0.00,389
12.207,32.310,978137088,932.82,30.73,0.0000,0.00,390
12.238,31.500,978198528,932.88,30.73,0.0000,0.00,391
12.267,29.348,978268160,932.95,30.73,0.0000,0.00,392
12.297,29.596,978341888,933.02,30.73,0.0000,0.00,393
12.327,30.336,978399232,933.07,30.73,0.0000,0.00,394
12.359,31.447,978460672,933.13,30.73,0.0000,0.00,395
12.390,31.188,978518016,933.19,30.73,0.0000,0.00,396
12.420,30.431,978599936,933.27,30.73,0.0000,0.00,397
12.450,29.412,978673664,933.34,30.73,0.0000,0.00,398
12.481,30.847,978755584,933.41,30.73,0.0000,0.00,399
12.513,32.366,978849792,933.50,30.73,0.0000,0.00,400
12.544,30.737,978931712,933.58,30.73,0.0000,0.00,401
12.576,32.148,979009536,933.66,30.73,0.0000,0.00,402
12.607,30.647,979095552,933.74,30.73,0.0000,0.00,403
12.637,30.777,979173376,933.81,30.73,0.0000,0.00,404
12.671,33.577,979247104,933.88,30.73,0.0000,0.00,405
12.703,32.472,979320832,933.95,30.73,0.0000,0.00,406
12.736,32.859,979410944,934.04,30.73,0.0000,0.00,407
12.766,30.048,979484672,934.11,30.73,0.0000,0.00,408
12.796,29.774,979599360,934.22,30.73,0.0000,0.00,409
12.827,30.637,979681280,934.30,30.73,0.0000,0.00,410
12.860,33.680,979763200,934.38,30.73,0.0000,0.00,411
12.890,29.510,979841024,934.45,30.73,0.0000,0.00,412
12.920,30.008,979927040,934.53,30.73,0.0000,0.00,413
12.952,32.413,980004864,934.61,30.73,0.0000,0.00,414
12.983,30.665,980074496,934.67,30.73,0.0000,0.00,415
13.015,31.748,980168704,934.76,30.73,0.0000,0.00,416
13.046,31.459,980250624,934.84,30.73,0.0000,0.00,417
13.077,31.181,980328448,934.91,30.73,0.0000,0.00,418
13.110,32.885,980410368,934.99,30.73,0.0000,0.00,419
13.143,32.402,980484096,935.06,30.73,0.0000,0.00,420
13.174,31.073,980561920,935.14,30.73,0.0000,0.00,421
13.207,32.916,980643840,935.21,31.96,0.0000,0.00,422
13.237,30.610,980729856,935.30,31.96,0.0000,0.00,423
13.271,33.741,980811776,935.38,31.96,0.0000,0.00,424
13.305,34.022,980897792,935.46,31.96,0.0000,0.00,425
13.338,33.193,980975616,935.53,31.96,0.0000,0.00,426
13.369,30.929,981057536,935.61,31.96,0.0000,0.00,427
13.400,31.069,981192704,935.74,31.96,0.0000,0.00,428
13.432,31.723,981274624,935.82,31.96,0.0000,0.00,429
13.470,37.948,981352448,935.89,31.96,0.0000,0.00,430
13.502,31.753,981434368,935.97,31.96,0.0000,0.00,431
13.534,32.210,981528576,936.06,31.96,0.0000,0.00,432
13.565,31.592,981606400,936.13,31.96,0.0000,0.00,433
13.597,31.727,981688320,936.21,31.96,0.0000,0.00,434
13.628,30.619,981770240,936.29,31.96,0.0000,0.00,435
13.661,33.512,981848064,936.36,31.96,0.0000,0.00,436
13.694,33.065,981925888,936.44,31.96,0.0000,0.00,437
13.727,32.426,982011904,936.52,31.96,0.0000,0.00,438
13.758,31.537,982085632,936.59,31.96,0.0000,0.00,439
13.790,31.496,982175744,936.68,31.96,0.0000,0.00,440
13.821,30.766,982245376,936.74,31.96,0.0000,0.00,441
13.853,32.167,982327296,936.82,31.96,0.0000,0.00,442
13.883,30.735,982401024,936.89,31.96,0.0000,0.00,443
13.913,29.714,982487040,936.97,31.96,0.0000,0.00,444
13.944,31.246,982556672,937.04,31.96,0.0000,0.00,445
13.977,32.368,982642688,937.12,31.96,0.0000,0.00,446
14.011,34.137,982720512,937.20,31.96,0.0000,0.00,447
14.044,33.474,982822912,937.29,31.96,0.0000,0.00,448
14.078,33.957,982888448,937.36,31.96,0.0000,0.00,449
14.111,32.231,982970368,937.43,31.96,0.0000,0.00,450
14.141,30.164,983052288,937.51,31.96,0.0000,0.00,451
14.172,31.404,983138304,937.59,31.96,0.0000,0.00,452
14.203,31.138,983220224,937.67,31.96,0.0000,0.00,453
14.235,32.045,983293952,937.74,31.11,0.0000,0.00,454
14.267,31.222,983367680,937.81,31.11,0.0000,0.00,455
14.298,31.533,983437312,937.88,31.11,0.0000,0.00,456
14.330,31.962,983527424,937.96,31.11,0.0000,0.00,457
14.363,33.360,983609344,938.04,31.11,0.0000,0.00,458
14.396,32.608,983687168,938.12,31.11,0.0000,0.00,459
14.428,32.233,983764992,938.19,31.11,0.0000,0.00,460
14.459,30.825,983842816,938.27,31.11,0.0000,0.00,461
14.490,30.835,983924736,938.34,31.11,0.0000,0.00,462
14.522,32.203,984014848,938.43,31.11,0.0000,0.00,463
14.567,44.383,984104960,938.52,31.11,0.0000,0.00,464
14.599,32.075,984186880,938.59,31.11,0.0000,0.00,465
14.630,31.396,984264704,938.67,31.11,0.0000,0.00,466
14.662,31.972,984338432,938.74,31.11,0.0000,0.00,467
14.698,36.146,984424448,938.82,31.11,0.0000,0.00,468
14.732,33.509,984498176,938.89,31.11,0.0000,0.00,469
14.770,38.187,984584192,938.97,31.11,0.0000,0.00,470
14.802,32.290,984662016,939.05,31.11,0.0000,0.00,471
14.834,32.106,984739840,939.12,31.11,0.0000,0.00,472
14.866,31.530,984821760,939.20,31.11,0.0000,0.00,473
14.898,32.724,984903680,939.28,31.11,0.0000,0.00,474
14.930,31.662,984969216,939.34,31.11,0.0000,0.00,475
14.965,34.808,985051136,939.42,31.11,0.0000,0.00,476
14.997,31.739,985141248,939.50,31.11,0.0000,0.00,477
15.028,31.655,985214976,939.57,31.11,0.0000,0.00,478
15.060,31.696,985296896,939.65,31.11,0.0000,0.00,479
15.095,34.526,985391104,939.74,31.11,0.0000,0.00,480
15.127,32.245,985468928,939.82,31.11,0.0000,0.00,481
15.161,34.286,985546752,939.89,31.11,0.0000,0.00,482
15.195,34.069,985628672,939.97,31.11,0.0000,0.00,483
15.227,32.113,985710592,940.05,31.11,0.0000,0.00,484
15.263,35.718,985788416,940.12,30.17,0.0000,0.00,485
15.297,33.575,985866240,940.20,30.17,0.0000,0.00,486
15.329,32.250,985948160,940.27,30.17,0.0000,0.00,487
15.361,32.218,986025984,940.35,30.17,0.0000,0.00,488
15.395,34.379,986103808,940.42,30.17,0.0000,0.00,489
15.428,32.984,986185728,940.50,30.17,0.0000,0.00,490
15.460,31.999,986267648,940.58,30.17,0.0000,0.00,491
15.493,32.636,986345472,940.65,30.17,0.0000,0.00,492
15.529,35.515,986419200,940.72,30.17,0.0000,0.00,493
15.565,36.721,986509312,940.81,30.17,0.0000,0.00,494
15.598,32.422,986611712,940.91,30.17,0.0000,0.00,495
15.634,35.855,986673152,940.96,30.17,0.0000,0.00,496
15.666,32.540,986746880,941.04,30.17,0.0000,0.00,497
15.699,33.256,986836992,941.12,30.17,0.0000,0.00,498
15.733,34.137,986923008,941.20,30.17,0.0000,0.00,499
15.766,32.623,987000832,941.28,30.17,0.0000,0.00,500
15.798,31.861,987078656,941.35,30.17,0.0000,0.00,501
15.831,33.217,987152384,941.42,30.17,0.0000,0.00,502
15.863,31.895,987230208,941.50,30.17,0.0000,0.00,503
15.895,31.548,987312128,941.57,30.17,0.0000,0.00,504
15.927,32.375,987398144,941.66,30.17,0.0000,0.00,505
15.958,30.843,987480064,941.73,30.17,0.0000,0.00,506
15.990,32.163,987557888,941.81,30.17,0.0000,0.00,507
16.021,30.870,987627520,941.88,30.17,0.0000,0.00,508
16.054,32.823,987705344,941.95,30.17,0.0000,0.00,509
16.087,33.317,987787264,942.03,30.17,0.0000,0.00,510
16.120,33.000,987885568,942.12,30.17,0.0000,0.00,511
16.153,32.832,988176384,942.40,30.17,0.0000,0.00,512
16.185,32.198,988286976,942.50,30.17,0.0000,0.00,513
16.223,38.219,988372992,942.59,30.17,0.0000,0.00,514
16.255,31.912,988454912,942.66,30.17,0.0000,0.00,515
16.287,32.180,988524544,942.73,30.26,0.0000,0.00,516
16.320,33.154,988606464,942.81,30.26,0.0000,0.00,517
16.353,32.596,988688384,942.89,30.26,0.0000,0.00,518
16.385,32.062,988770304,942.96,30.26,0.0000,0.00,519
16.418,32.587,988848128,943.04,30.26,0.0000,0.00,520
16.450,32.271,988925952,943.11,30.26,0.0000,0.00,521
16.483,32.748,989003776,943.19,30.26,0.0000,0.00,522
16.515,32.078,989097984,943.28,30.26,0.0000,0.00,523
16.549,33.980,989171712,943.35,30.26,0.0000,0.00,524
16.581,32.284,989257728,943.43,30.26,0.0000,0.00,525
16.615,33.463,989331456,943.50,30.26,0.0000,0.00,526
16.649,34.378,989421568,943.59,30.26,0.0000,0.00,527
16.683,33.878,989511680,943.67,30.26,0.0000,0.00,528
16.719,36.340,989585408,943.74,30.26,0.0000,0.00,529
16.753,34.299,989663232,943.82,30.26,0.0000,0.00,530
16.787,33.494,989741056,943.89,30.26,0.0000,0.00,531
16.820,32.717,989818880,943.96,30.26,0.0000,0.00,532
16.853,33.430,989896704,944.04,30.26,0.0000,0.00,533
16.886,32.942,989974528,944.11,30.26,0.0000,0.00,534
16.920,33.481,990072832,944.21,30.26,0.0000,0.00,535
16.952,32.483,990150656,944.28,30.26,0.0000,0.00,536
16.986,34.173,990220288,944.35,30.26,0.0000,0.00,537
17.018,31.416,990294016,944.42,30.26,0.0000,0.00,538
17.050,32.391,990375936,944.50,30.26,0.0000,0.00,539
17.087,36.567,990466048,944.58,30.26,0.0000,0.00,540
17.119,32.897,990531584,944.64,30.26,0.0000,0.00,541
17.156,36.751,990625792,944.73,30.26,0.0000,0.00,542
17.191,35.172,990711808,944.82,30.26,0.0000,0.00,543
17.225,33.195,990785536,944.89,30.26,0.0000,0.00,544
17.258,33.035,990875648,944.97,30.26,0.0000,0.00,545
17.292,34.134,990949376,945.04,29.87,0.0000,0.00,546
17.323,31.501,991039488,945.13,29.87,0.0000,0.00,547
17.355,32.045,991117312,945.20,29.87,0.0000,0.00,548
17.390,34.760,991195136,945.28,29.87,0.0000,0.00,549
17.423,33.136,991301632,945.38,29.87,0.0000,0.00,550
17.455,31.385,991408128,945.48,29.87,0.0000,0.00,551
17.486,31.577,991506432,945.57,29.87,0.0000,0.00,552
17.518,31.493,991608832,945.67,29.87,0.0000,0.00,553
17.548,30.188,991703040,945.76,29.87,0.0000,0.00,554
17.582,33.798,991809536,945.86,29.87,0.0000,0.00,555
17.614,32.719,991916032,945.96,29.87,0.0000,0.00,556
17.646,32.179,992018432,946.06,29.87,0.0000,0.00,557
17.680,33.970,992137216,946.18,29.87,0.0000,0.00,558
17.716,35.134,992243712,946.28,29.87,0.0000,0.00,559
17.753,37.074,992350208,946.38,29.87,0.0000,0.00,560
17.788,35.661,992452608,946.48,29.87,0.0000,0.00,561
17.823,34.828,992546816,946.57,29.87,0.0000,0.00,562
17.863,39.557,992645120,946.66,29.87,0.0000,0.00,563
17.896,32.863,992743424,946.75,29.87,0.0000,0.00,564
17.927,31.589,992854016,946.86,29.87,0.0000,0.00,565
17.960,32.725,992956416,946.96,29.87,0.0000,0.00,566
17.993,32.632,993054720,947.05,29.87,0.0000,0.00,567
18.026,33.287,993161216,947.15,29.87,0.0000,0.00,568
18.058,31.905,993259520,947.25,29.87,0.0000,0.00,569
18.092,33.782,993366016,947.35,29.87,0.0000,0.00,570
18.125,33.040,993460224,947.44,29.87,0.0000,0.00,571
18.171,46.252,993566720,947.54,29.87,0.0000,0.00,572
18.204,33.463,993697792,947.66,29.87,0.0000,0.00,573
18.238,34.093,993792000,947.75,29.87,0.0000,0.00,574
18.271,32.204,993898496,947.86,29.87,0.0000,0.00,575
18.304,33.278,994000896,947.95,29.64,0.0000,0.00,576
18.338,33.679,994099200,948.05,29.64,0.0000,0.00,577
18.372,34.272,994205696,948.15,29.64,0.0000,0.00,578
18.405,33.654,994316288,948.25,29.64,0.0000,0.00,579
18.438,32.223,994426880,948.36,29.64,0.0000,0.00,580
18.472,34.241,994521088,948.45,29.64,0.0000,0.00,581
18.505,33.169,994623488,948.55,29.64,0.0000,0.00,582
18.538,32.945,994729984,948.65,29.64,0.0000,0.00,583
18.572,33.811,994840576,948.75,29.64,0.0000,0.00,584
18.603,31.267,994938880,948.85,29.64,0.0000,0.00,585
18.636,33.398,995033088,948.94,29.64,0.0000,0.00,586
18.669,32.238,995139584,949.04,29.64,0.0000,0.00,587
18.700,31.512,995237888,949.13,29.64,0.0000,0.00,588
18.735,34.875,995364864,949.25,29.64,0.0000,0.00,589
18.769,33.721,995467264,949.35,29.64,0.0000,0.00,590
18.806,37.186,995569664,949.45,29.64,0.0000,0.00,591
18.840,33.641,995663872,949.54,29.64,0.0000,0.00,592
18.874,34.248,995766272,949.64,29.64,0.0000,0.00,593
18.907,32.968,995868672,949.73,29.64,0.0000,0.00,594
18.941,34.141,995983360,949.84,29.64,0.0000,0.00,595
18.975,33.801,996081664,949.94,29.64,0.0000,0.00,596
19.009,34.455,996179968,950.03,29.64,0.0000,0.00,597
19.043,33.995,996274176,950.12,29.64,0.0000,0.00,598
19.077,33.840,996384768,950.23,29.64,0.0000,0.00,599
19.113,36.071,996491264,950.33,29.64,0.0000,0.00,600
19.145,31.858,996589568,950.42,29.64,0.0000,0.00,601
19.179,33.876,996687872,950.52,29.64,0.0000,0.00,602
19.212,32.602,996794368,950.62,29.64,0.0000,0.00,603
19.247,35.954,996913152,950.73,29.64,0.0000,0.00,604
19.281,33.732,997011456,950.82,29.64,0.0000,0.00,605
19.315,33.372,997113856,950.92,29.68,0.0000,0.00,606
19.346,31.617,997220352,951.02,29.68,0.0000,0.00,607
19.379,32.509,997330944,951.13,29.68,0.0000,0.00,608
19.411,31.806,997433344,951.23,29.68,0.0000,0.00,609
19.444,33.555,997531648,951.32,29.68,0.0000,0.00,610
19.478,33.635,997638144,951.42,29.68,0.0000,0.00,611
19.515,37.282,997736448,951.52,29.68,0.0000,0.00,612
19.553,38.239,997842944,951.62,29.68,0.0000,0.00,613
19.587,33.738,997945344,951.71,29.68,0.0000,0.00,614
19.621,34.147,998039552,951.80,29.68,0.0000,0.00,615
19.653,32.344,998137856,951.90,29.68,0.0000,0.00,616
19.685,31.937,998240256,952.00,29.68,0.0000,0.00,617
19.718,32.707,998350848,952.10,29.68,0.0000,0.00,618
19.754,35.831,998469632,952.21,29.68,0.0000,0.00,619
19.787,33.323,998584320,952.32,29.68,0.0000,0.00,620
19.821,34.035,998682624,952.42,29.68,0.0000,0.00,621
19.857,35.352,998780928,952.51,29.68,0.0000,0.00,622
19.892,34.909,998879232,952.61,29.68,0.0000,0.00,623
19.925,33.697,998989824,952.71,29.68,0.0000,0.00,624
19.961,35.388,999096320,952.81,29.68,0.0000,0.00,625
19.993,32.847,999202816,952.91,29.68,0.0000,0.00,626
20.028,34.764,999305216,953.01,29.68,0.0000,0.00,627
20.061,32.869,999432192,953.13,29.68,0.0000,0.00,628
20.094,32.817,999530496,953.23,29.68,0.0000,0.00,629
20.130,36.108,999636992,953.33,29.68,0.0000,0.00,630
20.165,34.610,999759872,953.45,29.68,0.0000,0.00,631
20.200,34.965,999866368,953.55,29.68,0.0000,0.00,632
20.232,31.979,999985152,953.66,29.68,0.0000,0.00,633
20.265,33.867,1000103936,953.77,29.68,0.0000,0.00,634
20.298,32.638,1000214528,953.88,29.68,0.0000,0.00,635
20.333,34.792,1000329216,953.99,29.46,0.0000,0.00,636
20.365,32.193,1000431616,954.09,29.46,0.0000,0.00,637
20.399,33.466,1000542208,954.19,29.46,0.0000,0.00,638
20.432,32.991,1000648704,954.29,29.46,0.0000,0.00,639
20.464,31.986,1000771584,954.41,29.46,0.0000,0.00,640
20.496,32.306,1000878080,954.51,29.46,0.0000,0.00,641
20.527,30.693,1001046016,954.67,29.46,0.0000,0.00,642
20.558,31.829,1001172992,954.79,29.46,0.0000,0.00,643
20.591,32.629,1001287680,954.90,29.46,0.0000,0.00,644
20.623,32.081,1001402368,955.01,29.46,0.0000,0.00,645
20.656,33.133,1001508864,955.11,29.46,0.0000,0.00,646
20.689,32.420,1001619456,955.22,29.46,0.0000,0.00,647
20.720,31.826,1001738240,955.33,29.46,0.0000,0.00,648
20.753,32.403,1001840640,955.43,29.46,0.0000,0.00,649
20.789,36.164,1001971712,955.55,29.46,0.0000,0.00,650
20.826,37.237,1002082304,955.66,29.46,0.0000,0.00,651
20.858,31.435,1002184704,955.76,29.46,0.0000,0.00,652
20.889,31.800,1002430464,955.99,29.46,0.0000,0.00,653
20.922,32.979,1002569728,956.13,29.46,0.0000,0.00,654
20.957,34.149,1002688512,956.24,29.46,0.0000,0.00,655
20.990,33.474,1002790912,956.34,29.46,0.0000,0.00,656
21.027,37.311,1002905600,956.45,29.46,0.0000,0.00,657
21.062,35.010,1003020288,956.55,29.46,0.0000,0.00,658
21.099,36.423,1003139072,956.67,29.46,0.0000,0.00,659
21.139,40.033,1003249664,956.77,29.46,0.0000,0.00,660
21.179,40.649,1003372544,956.89,29.46,0.0000,0.00,661
21.214,34.229,1003474944,956.99,29.46,0.0000,0.00,662
21.248,33.949,1003581440,957.09,29.46,0.0000,0.00,663
21.282,34.502,1003696128,957.20,29.46,0.0000,0.00,664
21.319,37.254,1003823104,957.32,29.46,0.0000,0.00,665
21.356,36.754,1003933696,957.43,29.32,0.0000,0.00,666
21.391,34.392,1004040192,957.53,29.32,0.0000,0.00,667
21.426,35.870,1004163072,957.64,29.32,0.0000,0.00,668
21.459,32.267,1004277760,957.75,29.32,0.0000,0.00,669
21.491,31.880,1004380160,957.85,29.32,0.0000,0.00,670
21.521,30.443,1004490752,957.96,29.32,0.0000,0.00,671
21.554,32.851,1004609536,958.07,29.32,0.0000,0.00,672
21.586,32.402,1004711936,958.17,29.32,0.0000,0.00,673
21.619,33.006,1004818432,958.27,29.32,0.0000,0.00,674
21.651,32.003,1004933120,958.38,29.32,0.0000,0.00,675
21.684,32.745,1005043712,958.48,29.32,0.0000,0.00,676
21.717,32.701,1005162496,958.60,29.32,0.0000,0.00,677
21.751,33.972,1005268992,958.70,29.32,0.0000,0.00,678
21.786,35.244,1005379584,958.80,29.32,0.0000,0.00,679
21.821,34.767,1005514752,958.93,29.32,0.0000,0.00,680
21.854,33.085,1005629440,959.04,29.32,0.0000,0.00,681
21.887,33.387,1005744128,959.15,29.32,0.0000,0.00,682
21.920,32.634,1005846528,959.25,29.32,0.0000,0.00,683
21.953,33.069,1005948928,959.35,29.32,0.0000,0.00,684
21.985,32.086,1006067712,959.46,29.32,0.0000,0.00,685
22.020,34.740,1006178304,959.57,29.32,0.0000,0.00,686
22.064,44.679,1006292992,959.68,29.32,0.0000,0.00,687
22.096,32.080,1006407680,959.79,29.32,0.0000,0.00,688
22.130,33.054,1006522368,959.89,29.32,0.0000,0.00,689
22.166,36.070,1006624768,959.99,29.32,0.0000,0.00,690
22.199,33.640,1006739456,960.10,29.32,0.0000,0.00,691
22.232,32.286,1006854144,960.21,29.32,0.0000,0.00,692
22.264,32.909,1006972928,960.32,29.32,0.0000,0.00,693
22.295,30.679,1007083520,960.43,29.32,0.0000,0.00,694
22.328,33.236,1007202304,960.54,29.32,0.0000,0.00,695
22.363,35.097,1007316992,960.65,29.78,0.0000,0.00,696
22.397,33.565,1007427584,960.76,29.78,0.0000,0.00,697
22.430,32.746,1007534080,960.86,29.78,0.0000,0.00,698
22.463,33.582,1007644672,960.96,29.78,0.0000,0.00,699
22.498,34.295,1007763456,961.08,29.78,0.0000,0.00,700
22.529,31.737,1007882240,961.19,29.78,0.0000,0.00,701
22.566,36.823,1007988736,961.29,29.78,0.0000,0.00,702
22.600,33.435,1008095232,961.39,29.78,0.0000,0.00,703
22.631,31.612,1008201728,961.50,29.78,0.0000,0.00,704
22.664,32.988,1008316416,961.61,29.78,0.0000,0.00,705
22.696,32.021,1008431104,961.71,29.78,0.0000,0.00,706
22.728,31.846,1008537600,961.82,29.78,0.0000,0.00,707
22.762,33.402,1008648192,961.92,29.78,0.0000,0.00,708
22.794,32.786,1008762880,962.03,29.78,0.0000,0.00,709
22.831,36.211,1008902144,962.16,29.78,0.0000,0.00,710
22.864,33.991,1009004544,962.26,29.78,0.0000,0.00,711
22.900,35.463,1009115136,962.37,29.78,0.0000,0.00,712
22.931,30.710,1009225728,962.47,29.78,0.0000,0.00,713
22.964,33.612,1009336320,962.58,29.78,0.0000,0.00,714
22.997,32.886,1009451008,962.69,29.78,0.0000,0.00,715
23.029,31.875,1009569792,962.80,29.78,0.0000,0.00,716
23.061,32.272,1009672192,962.90,29.78,0.0000,0.00,717
23.094,32.359,1009782784,963.00,29.78,0.0000,0.00,718
23.132,37.854,1009893376,963.11,29.78,0.0000,0.00,719
23.165,33.489,1010008064,963.22,29.78,0.0000,0.00,720
23.208,43.082,1010130944,963.34,29.78,0.0000,0.00,721
23.241,32.700,1010241536,963.44,29.78,0.0000,0.00,722
23.273,32.570,1010343936,963.54,29.78,0.0000,0.00,723
23.306,32.673,1010454528,963.64,29.78,0.0000,0.00,724
23.342,35.852,1010577408,963.76,29.78,0.0000,0.00,725
23.377,34.926,1010692096,963.87,29.60,0.0000,0.00,726
23.410,32.708,1010802688,963.98,29.60,0.0000,0.00,727
23.442,32.887,1010913280,964.08,29.60,0.0000,0.00,728
23.475,32.717,1011019776,964.18,29.60,0.0000,0.00,729
23.508,33.318,1011142656,964.30,29.60,0.0000,0.00,730
23.546,37.378,1011257344,964.41,29.60,0.0000,0.00,731
23.583,37.154,1011372032,964.52,29.60,0.0000,0.00,732
23.621,38.411,1011478528,964.62,29.60,0.0000,0.00,733
23.657,35.927,1011580928,964.72,29.60,0.0000,0.00,734
23.692,34.556,1011703808,964.84,29.60,0.0000,0.00,735
23.728,36.026,1011851264,964.98,29.60,0.0000,0.00,736
23.764,36.205,1012006912,965.13,29.60,0.0000,0.00,737
23.801,36.567,1012150272,965.26,29.60,0.0000,0.00,738
23.838,37.756,1012293632,965.40,29.60,0.0000,0.00,739
23.877,38.788,1012457472,965.55,29.60,0.0000,0.00,740
23.914,36.893,1012609024,965.70,29.60,0.0000,0.00,741
23.951,36.922,1012768768,965.85,29.60,0.0000,0.00,742
23.985,33.802,1012920320,966.00,29.60,0.0000,0.00,743
24.019,33.736,1013063680,966.13,29.60,0.0000,0.00,744
24.051,32.245,1013211136,966.27,29.60,0.0000,0.00,745
24.083,32.608,1013358592,966.41,29.60,0.0000,0.00,746
24.117,33.173,1013510144,966.56,29.60,0.0000,0.00,747
24.150,33.673,1013649408,966.69,29.60,0.0000,0.00,748
24.185,34.558,1013805056,966.84,29.60,0.0000,0.00,749
24.218,33.591,1013956608,966.98,29.60,0.0000,0.00,750
24.253,34.119,1014091776,967.11,29.60,0.0000,0.00,751
24.285,32.469,1014251520,967.27,29.60,0.0000,0.00,752
24.318,32.948,1014403072,967.41,29.60,0.0000,0.00,753
24.358,39.809,1014562816,967.56,29.60,0.0000,0.00,754
24.404,46.373,1014722560,967.71,28.23,0.0000,0.00,755
24.448,43.499,1014894592,967.88,28.23,0.0000,0.00,756
24.479,31.429,1015037952,968.02,28.23,0.0000,0.00,757
24.513,34.304,1015169024,968.14,28.23,0.0000,0.00,758
24.550,36.191,1015336960,968.30,28.23,0.0000,0.00,759
24.583,33.718,1015492608,968.45,28.23,0.0000,0.00,760
24.616,32.635,1015660544,968.61,28.23,0.0000,0.00,761
24.650,33.595,1015828480,968.77,28.23,0.0000,0.00,762
24.682,32.719,1015967744,968.90,28.23,0.0000,0.00,763
24.714,31.957,1016119296,969.05,28.23,0.0000,0.00,764
24.749,35.192,1016279040,969.20,28.23,0.0000,0.00,765
24.783,33.342,1016422400,969.34,28.23,0.0000,0.00,766
24.816,33.614,1016582144,969.49,28.23,0.0000,0.00,767
24.852,35.971,1016717312,969.62,28.23,0.0000,0.00,768
24.886,34.157,1016860672,969.75,28.23,0.0000,0.00,769
24.921,35.011,1017032704,969.92,28.23,0.0000,0.00,770
24.956,34.539,1017188352,970.07,28.23,0.0000,0.00,771
24.990,33.939,1017335808,970.21,28.23,0.0000,0.00,772
25.024,33.754,1017491456,970.36,28.23,0.0000,0.00,773
25.057,32.890,1017634816,970.49,28.23,0.0000,0.00,774
25.090,33.783,1017782272,970.63,28.23,0.0000,0.00,775
25.124,33.503,1017933824,970.78,28.23,0.0000,0.00,776
25.157,33.492,1018093568,970.93,28.23,0.0000,0.00,777
25.192,34.748,1018232832,971.06,28.23,0.0000,0.00,778
25.228,35.571,1018384384,971.21,28.23,0.0000,0.00,779
25.265,37.095,1018535936,971.35,28.23,0.0000,0.00,780
25.298,33.322,1018687488,971.50,28.23,0.0000,0.00,781
25.331,32.471,1018834944,971.64,28.23,0.0000,0.00,782
25.366,35.347,1018982400,971.78,28.23,0.0000,0.00,783
25.403,36.862,1019138048,971.93,28.23,0.0000,0.00,784
25.437,34.313,1019293696,972.07,29.04,0.0000,0.00,785
25.473,35.794,1019437056,972.21,29.04,0.0000,0.00,786
25.507,34.068,1019592704,972.36,29.04,0.0000,0.00,787
25.542,34.793,1019748352,972.51,29.04,0.0000,0.00,788
25.575,32.886,1019895808,972.65,29.04,0.0000,0.00,789
25.618,42.970,1020043264,972.79,29.04,0.0000,0.00,790
25.651,33.876,1020198912,972.94,29.04,0.0000,0.00,791
25.685,33.833,1020338176,973.07,29.04,0.0000,0.00,792
25.720,34.273,1020497920,973.22,29.04,0.0000,0.00,793
25.753,33.857,1020649472,973.37,29.04,0.0000,0.00,794
25.788,34.568,1020792832,973.50,29.04,0.0000,0.00,795
25.822,33.650,1020940288,973.64,29.04,0.0000,0.00,796
25.855,33.113,1021087744,973.79,29.04,0.0000,0.00,797
25.888,33.483,1021239296,973.93,29.04,0.0000,0.00,798
25.921,32.834,1021390848,974.07,29.04,0.0000,0.00,799
25.957,35.641,1021554688,974.23,29.04,0.0000,0.00,800
25.991,34.671,1021714432,974.38,29.04,0.0000,0.00,801
26.023,31.901,1021857792,974.52,29.04,0.0000,0.00,802
26.057,33.198,1022009344,974.66,29.04,0.0000,0.00,803
26.090,33.596,1022160896,974.81,29.04,0.0000,0.00,804
26.122,32.365,1022308352,974.95,29.04,0.0000,0.00,805
26.157,34.977,1022451712,975.09,29.04,0.0000,0.00,806
26.191,33.509,1022595072,975.22,29.04,0.0000,0.00,807
26.225,33.589,1022746624,975.37,29.04,0.0000,0.00,808
26.260,35.714,1022894080,975.51,29.04,0.0000,0.00,809
26.294,33.876,1023049728,975.66,29.04,0.0000,0.00,810
26.328,34.053,1023193088,975.79,29.04,0.0000,0.00,811
26.363,35.097,1023352832,975.95,29.04,0.0000,0.00,812
26.409,45.334,1023504384,976.09,29.04,0.0000,0.00,813
26.442,33.751,1023655936,976.23,28.85,0.0000,0.00,814
26.476,33.824,1023823872,976.39,28.85,0.0000,0.00,815
26.512,35.448,1023963136,976.53,28.85,0.0000,0.00,816
26.545,33.094,1024114688,976.67,28.85,0.0000,0.00,817
26.579,34.346,1024262144,976.81,28.85,0.0000,0.00,818
26.614,34.478,1024479232,977.02,28.85,0.0000,0.00,819
26.647,33.669,1024638976,977.17,28.85,0.0000,0.00,820
26.681,34.023,1024782336,977.31,28.85,0.0000,0.00,821
26.717,35.366,1024950272,977.47,28.85,0.0000,0.00,822
26.751,34.702,1025126400,977.64,28.85,0.0000,0.00,823
26.786,34.690,1025273856,977.78,28.85,0.0000,0.00,824
26.819,32.909,1025421312,977.92,28.85,0.0000,0.00,825
26.852,32.711,1025568768,978.06,28.85,0.0000,0.00,826
26.885,33.587,1025728512,978.21,28.85,0.0000,0.00,827
26.920,34.494,1025892352,978.37,28.85,0.0000,0.00,828
26.957,37.259,1026031616,978.50,28.85,0.0000,0.00,829
26.992,35.328,1026199552,978.66,28.85,0.0000,0.00,830
27.028,35.217,1026355200,978.81,28.85,0.0000,0.00,831
27.061,33.452,1026506752,978.95,28.85,0.0000,0.00,832
27.096,35.063,1026654208,979.09,28.85,0.0000,0.00,833
27.129,33.444,1026805760,979.24,28.85,0.0000,0.00,834
27.163,33.836,1026949120,979.38,28.85,0.0000,0.00,835
27.197,33.564,1027104768,979.52,28.85,0.0000,0.00,836
27.231,33.876,1027268608,979.68,28.85,0.0000,0.00,837
27.265,34.082,1027411968,979.82,28.85,0.0000,0.00,838
27.298,33.348,1027551232,979.95,28.85,0.0000,0.00,839
27.333,35.166,1027710976,980.10,28.85,0.0000,0.00,840
27.367,33.630,1027858432,980.24,28.85,0.0000,0.00,841
27.402,34.554,1028022272,980.40,28.85,0.0000,0.00,842
27.436,34.370,1028169728,980.54,28.85,0.0000,0.00,843
27.470,34.038,1028321280,980.68,29.20,0.0000,0.00,844
27.505,34.669,1028489216,980.84,29.20,0.0000,0.00,845
27.539,34.291,1028636672,980.98,29.20,0.0000,0.00,846
27.573,34.335,1028784128,981.13,29.20,0.0000,0.00,847
27.607,33.805,1028939776,981.27,29.20,0.0000,0.00,848
27.643,35.652,1029091328,981.42,29.20,0.0000,0.00,849
27.677,33.908,1029242880,981.56,29.20,0.0000,0.00,850
27.710,33.828,1029386240,981.70,29.20,0.0000,0.00,851
27.745,34.542,1029545984,981.85,29.20,0.0000,0.00,852
27.780,34.987,1029697536,982.00,29.20,0.0000,0.00,853
27.816,35.574,1029844992,982.14,29.20,0.0000,0.00,854
27.850,34.269,1029996544,982.28,29.20,0.0000,0.00,855
27.885,35.529,1030180864,982.46,29.20,0.0000,0.00,856
27.920,34.903,1030336512,982.61,29.20,0.0000,0.00,857
27.955,34.414,1030479872,982.74,29.20,0.0000,0.00,858
27.989,34.275,1030631424,982.89,29.20,0.0000,0.00,859
28.025,36.490,1030799360,983.05,29.20,0.0000,0.00,860
28.064,38.699,1030955008,983.20,29.20,0.0000,0.00,861
28.098,34.066,1031110656,983.34,29.20,0.0000,0.00,862
28.132,34.059,1031258112,983.48,29.20,0.0000,0.00,863
28.167,34.680,1031417856,983.64,29.20,0.0000,0.00,864
28.206,39.186,1031569408,983.78,29.20,0.0000,0.00,865
28.240,34.320,1031725056,983.93,29.20,0.0000,0.00,866
28.274,33.596,1031917568,984.11,29.20,0.0000,0.00,867
28.309,35.133,1032069120,984.26,29.20,0.0000,0.00,868
28.343,34.301,1032216576,984.40,29.20,0.0000,0.00,869
28.378,35.001,1032359936,984.54,29.20,0.0000,0.00,870
28.414,35.407,1032519680,984.69,29.20,0.0000,0.00,871
28.449,35.064,1032671232,984.83,29.20,0.0000,0.00,872
28.482,32.837,1032822784,984.98,28.66,0.0000,0.00,873
28.515,33.629,1032970240,985.12,28.66,0.0000,0.00,874
28.551,35.192,1033150464,985.29,28.66,0.0000,0.00,875
28.584,33.713,1033306112,985.44,28.66,0.0000,0.00,876
28.618,33.479,1033445376,985.57,28.66,0.0000,0.00,877
28.651,33.607,1033609216,985.73,28.66,0.0000,0.00,878
28.685,33.527,1033756672,985.87,28.66,0.0000,0.00,879
28.721,36.593,1033908224,986.01,28.66,0.0000,0.00,880
28.757,35.114,1034059776,986.16,28.66,0.0000,0.00,881
28.792,35.864,1034211328,986.30,28.66,0.0000,0.00,882
28.825,32.941,1034366976,986.45,28.66,0.0000,0.00,883
28.861,35.252,1034502144,986.58,28.66,0.0000,0.00,884
28.895,34.168,1034665984,986.73,28.66,0.0000,0.00,885
28.930,35.321,1034825728,986.89,28.66,0.0000,0.00,886
28.965,34.872,1034973184,987.03,28.66,0.0000,0.00,887
29.000,35.337,1035124736,987.17,28.66,0.0000,0.00,888
29.035,34.196,1035276288,987.32,28.66,0.0000,0.00,889
29.070,35.802,1035440128,987.47,28.66,0.0000,0.00,890
29.107,36.183,1035599872,987.63,28.66,0.0000,0.00,891
29.141,34.864,1035751424,987.77,28.66,0.0000,0.00,892
29.178,36.302,1035890688,987.90,28.66,0.0000,0.00,893
29.210,32.421,1036046336,988.05,28.66,0.0000,0.00,894
29.246,36.239,1036197888,988.20,28.66,0.0000,0.00,895
29.281,34.273,1036357632,988.35,28.66,0.0000,0.00,896
29.314,33.712,1036513280,988.50,28.66,0.0000,0.00,897
29.351,36.168,1036656640,988.63,28.66,0.0000,0.00,898
29.386,35.780,1036800000,988.77,28.66,0.0000,0.00,899
29.424,37.848,1036967936,988.93,28.66,0.0000,0.00,900
29.460,35.750,1037115392,989.07,28.66,0.0000,0.00,901
29.495,35.265,1037266944,989.21,28.62,0.0000,0.00,902
29.529,33.846,1037418496,989.36,28.62,0.0000,0.00,903
29.565,35.876,1037561856,989.50,28.62,0.0000,0.00,904
29.602,37.483,1037729792,989.66,28.62,0.0000,0.00,905
29.636,33.834,1037885440,989.80,28.62,0.0000,0.00,906
29.670,33.966,1038049280,989.96,28.62,0.0000,0.00,907
29.705,34.586,1038196736,990.10,28.62,0.0000,0.00,908
29.738,33.469,1038344192,990.24,28.62,0.0000,0.00,909
29.773,35.010,1038503936,990.39,28.62,0.0000,0.00,910
29.808,34.714,1038651392,990.54,28.62,0.0000,0.00,911
29.844,35.889,1038802944,990.68,28.62,0.0000,0.00,912
29.878,34.635,1038958592,990.83,28.62,0.0000,0.00,913
29.919,40.796,1039101952,990.96,28.62,0.0000,0.00,914
29.957,37.307,1039261696,991.12,28.62,0.0000,0.00,915
29.991,34.336,1039409152,991.26,28.62,0.0000,0.00,916
30.025,34.529,1039556608,991.40,28.62,0.0000,0.00,917
30.060,34.129,1039724544,991.56,28.62,0.0000,0.00,918
30.094,34.358,1039872000,991.70,28.62,0.0000,0.00,919
30.131,37.161,1040044032,991.86,28.62,0.0000,0.00,920
30.168,37.129,1040183296,992.00,28.62,0.0000,0.00,921
30.203,35.164,1040343040,992.15,28.62,0.0000,0.00,922
30.238,34.209,1040494592,992.29,28.62,0.0000,0.00,923
30.272,33.990,1040654336,992.45,28.62,0.0000,0.00,924
30.305,32.935,1040793600,992.58,28.62,0.0000,0.00,925
30.340,35.440,1040953344,992.73,28.62,0.0000,0.00,926
30.376,35.915,1041104896,992.88,28.62,0.0000,0.00,927
30.415,39.429,1041244160,993.01,28.62,0.0000,0.00,928
30.451,36.009,1041403904,993.16,28.62,0.0000,0.00,929
30.487,35.823,1041563648,993.31,28.62,0.0000,0.00,930
30.523,35.851,1041719296,993.46,28.22,0.0000,0.00,931
30.559,36.253,1041866752,993.60,28.22,0.0000,0.00,932
30.594,34.809,1042010112,993.74,28.22,0.0000,0.00,933
30.629,35.107,1042165760,993.89,28.22,0.0000,0.00,934
30.665,35.436,1042325504,994.04,28.22,0.0000,0.00,935
30.701,36.839,1042481152,994.19,28.22,0.0000,0.00,936
30.737,35.332,1042632704,994.33,28.22,0.0000,0.00,937
30.771,34.091,1042788352,994.48,28.22,0.0000,0.00,938
30.806,34.991,1042948096,994.63,28.22,0.0000,0.00,939
30.844,37.902,1043087360,994.77,28.22,0.0000,0.00,940
30.882,37.834,1043247104,994.92,28.22,0.0000,0.00,941
30.921,38.991,1043410944,995.07,28.22,0.0000,0.00,942
30.967,46.626,1043648512,995.30,28.22,0.0000,0.00,943
31.001,33.563,1043800064,995.45,28.22,0.0000,0.00,944
31.036,35.214,1043955712,995.59,28.22,0.0000,0.00,945
31.071,35.138,1044103168,995.73,28.22,0.0000,0.00,946
31.104,32.697,1044279296,995.90,28.22,0.0000,0.00,947
31.139,34.727,1044447232,996.06,28.22,0.0000,0.00,948
31.174,35.853,1044602880,996.21,28.22,0.0000,0.00,949
31.211,37.031,1044758528,996.36,28.22,0.0000,0.00,950
31.247,35.628,1044905984,996.50,28.22,0.0000,0.00,951
31.281,34.242,1045057536,996.64,28.22,0.0000,0.00,952
31.316,35.153,1045209088,996.79,28.22,0.0000,0.00,953
31.354,37.307,1045364736,996.94,28.22,0.0000,0.00,954
31.397,43.333,1045516288,997.08,28.22,0.0000,0.00,955
31.435,37.654,1045663744,997.22,28.22,0.0000,0.00,956
31.467,32.537,1045815296,997.37,28.22,0.0000,0.00,957
31.504,36.726,1045970944,997.52,28.22,0.0000,0.00,958
31.539,35.242,1046122496,997.66,27.55,0.0000,0.00,959
31.577,37.864,1046274048,997.80,27.55,0.0000,0.00,960
31.613,36.246,1046433792,997.96,27.55,0.0000,0.00,961
31.648,34.684,1046585344,998.10,27.55,0.0000,0.00,962
31.685,36.701,1046753280,998.26,27.55,0.0000,0.00,963
31.723,38.643,1046900736,998.40,27.55,0.0000,0.00,964
31.758,34.261,1047052288,998.55,27.55,0.0000,0.00,965
31.793,35.362,1047203840,998.69,27.55,0.0000,0.00,966
31.830,37.237,1047359488,998.84,27.55,0.0000,0.00,967
31.865,34.386,1047515136,998.99,27.55,0.0000,0.00,968
31.900,35.411,1047666688,999.13,27.55,0.0000,0.00,969
31.935,35.020,1047818240,999.28,27.55,0.0000,0.00,970
31.970,35.337,1047965696,999.42,27.55,0.0000,0.00,971
32.006,35.543,1048117248,999.56,27.55,0.0000,0.00,972
32.041,34.583,1048276992,999.71,27.55,0.0000,0.00,973
32.074,33.934,1048432640,999.86,27.55,0.0000,0.00,974
32.109,35.024,1048563712,999.99,27.55,0.0000,0.00,975
32.143,33.827,1048731648,1000.15,27.55,0.0000,0.00,976
32.184,40.594,1048875008,1000.29,27.55,0.0000,0.00,977
32.220,36.334,1049042944,1000.45,27.55,0.0000,0.00,978
32.254,33.832,1049223168,1000.62,27.55,0.0000,0.00,979
32.289,34.691,1049518080,1000.90,27.55,0.0000,0.00,980
32.322,33.439,1049661440,1001.04,27.55,0.0000,0.00,981
32.357,34.913,1049804800,1001.17,27.55,0.0000,0.00,982
32.391,33.798,1049956352,1001.32,27.55,0.0000,0.00,983
32.424,33.189,1050128384,1001.48,27.55,0.0000,0.00,984
32.458,33.477,1050271744,1001.62,27.55,0.0000,0.00,985
32.490,32.354,1050419200,1001.76,27.55,0.0000,0.00,986
32.524,34.477,1050562560,1001.90,27.55,0.0000,0.00,987
32.558,33.412,1050722304,1002.05,28.47,0.0000,0.00,988
32.592,34.645,1050873856,1002.19,28.47,0.0000,0.00,989
32.627,35.035,1051029504,1002.34,28.47,0.0000,0.00,990
32.665,37.107,1051181056,1002.48,28.47,0.0000,0.00,991
32.701,36.149,1051340800,1002.64,28.47,0.0000,0.00,992
32.735,34.650,1051496448,1002.79,28.47,0.0000,0.00,993
32.773,37.762,1051652096,1002.93,28.47,0.0000,0.00,994
32.807,33.711,1051811840,1003.09,28.47,0.0000,0.00,995
32.843,36.399,1051959296,1003.23,28.47,0.0000,0.00,996
32.880,36.640,1052110848,1003.37,28.47,0.0000,0.00,997
32.920,40.162,1052258304,1003.51,28.47,0.0000,0.00,998
32.958,37.971,1052413952,1003.66,28.47,0.0000,0.00,999
32.996,37.802,1052569600,1003.81,28.47,0.0000,0.00,1000
33.033,36.668,1052712960,1003.95,28.47,0.0000,0.00,1001
33.066,33.318,1052868608,1004.09,28.47,0.0000,0.00,1002
33.100,34.135,1053024256,1004.24,28.47,0.0000,0.00,1003
33.135,34.764,1053171712,1004.38,28.47,0.0000,0.00,1004
33.173,38.139,1053327360,1004.53,28.47,0.0000,0.00,1005
33.209,36.007,1053474816,1004.67,28.47,0.0000,0.00,1006
33.246,36.742,1053642752,1004.83,28.47,0.0000,0.00,1007
33.284,37.905,1053806592,1004.99,28.47,0.0000,0.00,1008
33.319,35.359,1053958144,1005.13,28.47,0.0000,0.00,1009
33.358,38.782,1054244864,1005.41,28.47,0.0000,0.00,1010
33.394,36.781,1054396416,1005.55,28.47,0.0000,0.00,1011
33.431,36.388,1054539776,1005.69,28.47,0.0000,0.00,1012
33.466,35.532,1054691328,1005.83,28.47,0.0000,0.00,1013
33.502,35.848,1054855168,1005.99,28.47,0.0000,0.00,1014
33.538,36.049,1055002624,1006.13,28.47,0.0000,0.00,1015
33.574,36.224,1055150080,1006.27,27.54,0.0000,0.00,1016
33.611,36.166,1055293440,1006.41,27.54,0.0000,0.00,1017
33.645,34.351,1055453184,1006.56,27.54,0.0000,0.00,1018
33.680,34.651,1055604736,1006.70,27.54,0.0000,0.00,1019
33.716,36.706,1055764480,1006.86,27.54,0.0000,0.00,1020
33.755,38.858,1055932416,1007.02,27.54,0.0000,0.00,1021
33.790,34.961,1056079872,1007.16,27.54,0.0000,0.00,1022
33.825,34.597,1056227328,1007.30,27.54,0.0000,0.00,1023
33.859,34.609,1056731136,1007.78,27.54,0.0000,0.00,1024
33.893,33.908,1056952320,1007.99,27.54,0.0000,0.00,1025
33.929,35.375,1057107968,1008.14,27.54,0.0000,0.00,1026
33.966,37.218,1057255424,1008.28,27.54,0.0000,0.00,1027
34.004,37.772,1057406976,1008.42,27.54,0.0000,0.00,1028
34.037,33.322,1057562624,1008.57,27.54,0.0000,0.00,1029
34.071,34.064,1057722368,1008.72,27.54,0.0000,0.00,1030
34.106,35.016,1057869824,1008.86,27.54,0.0000,0.00,1031
34.140,33.975,1058037760,1009.02,27.54,0.0000,0.00,1032
34.178,38.074,1058185216,1009.16,27.54,0.0000,0.00,1033
34.216,37.720,1058332672,1009.31,27.54,0.0000,0.00,1034
34.248,32.473,1058484224,1009.45,27.54,0.0000,0.00,1035
34.284,35.305,1058643968,1009.60,27.54,0.0000,0.00,1036
34.318,34.783,1058803712,1009.75,27.54,0.0000,0.00,1037
34.354,35.197,1058951168,1009.90,27.54,0.0000,0.00,1038
34.393,39.815,1059106816,1010.04,27.54,0.0000,0.00,1039
34.439,45.112,1059278848,1010.21,27.54,0.0000,0.00,1040
34.472,33.363,1059422208,1010.34,27.54,0.0000,0.00,1041
34.507,34.986,1059569664,1010.48,27.54,0.0000,0.00,1042
34.541,34.552,1059741696,1010.65,27.54,0.0000,0.00,1043
34.577,35.226,1059893248,1010.79,27.94,0.0000,0.00,1044
34.613,36.659,1060044800,1010.94,27.94,0.0000,0.00,1045
34.648,35.097,1060196352,1011.08,27.94,0.0000,0.00,1046
34.684,35.704,1060343808,1011.22,27.94,0.0000,0.00,1047
34.720,35.876,1060491264,1011.36,27.94,0.0000,0.00,1048
34.755,34.661,1060651008,1011.52,27.94,0.0000,0.00,1049
34.794,39.671,1060831232,1011.69,27.94,0.0000,0.00,1050
34.829,34.627,1060986880,1011.84,27.94,0.0000,0.00,1051
34.863,33.572,1061134336,1011.98,27.94,0.0000,0.00,1052
34.897,34.066,1061289984,1012.13,27.94,0.0000,0.00,1053
34.934,37.886,1061437440,1012.27,27.94,0.0000,0.00,1054
34.972,37.907,1061584896,1012.41,27.94,0.0000,0.00,1055
35.007,34.420,1061744640,1012.56,27.94,0.0000,0.00,1056
35.042,34.943,1061896192,1012.70,27.94,0.0000,0.00,1057
35.076,34.425,1062060032,1012.86,27.94,0.0000,0.00,1058
35.112,36.145,1062211584,1013.00,27.94,0.0000,0.00,1059
35.150,37.600,1062490112,1013.27,27.94,0.0000,0.00,1060
35.186,35.976,1062645760,1013.42,27.94,0.0000,0.00,1061
35.237,50.704,1062801408,1013.57,27.94,0.0000,0.00,1062
35.570,333.333,907714560,865.66,27.94,0.0000,0.00,1063
35.621,50.809,907714560,865.66,19.16,0.0000,0.00,1064
35.670,49.213,907714560,865.66,19.16,0.0000,0.00,1065
35.722,51.869,907714560,865.66,19.16,0.0000,0.00,1066
35.764,41.983,907714560,865.66,19.16,0.0000,0.00,1067
35.815,51.531,907714560,865.66,19.16,0.0000,0.00,1068
35.868,53.047,907714560,865.66,19.16,0.0000,0.00,1069
35.917,48.413,907714560,865.66,19.16,0.0000,0.00,1070
35.972,55.001,907714560,865.66,19.16,0.0000,0.00,1071
36.015,43.143,907714560,865.66,19.16,0.0000,0.00,1072
36.067,52.316,907714560,865.66,19.16,0.0000,0.00,1073
36.111,44.014,907722752,865.67,19.16,0.0000,0.00,1074
36.152,40.524,907722752,865.67,19.16,0.0000,0.00,1075
36.194,42.071,907722752,865.67,19.16,0.0000,0.00,1076
36.242,48.463,907722752,865.67,19.16,0.0000,0.00,1077
36.291,48.470,907730944,865.68,19.16,0.0000,0.00,1078
36.325,34.494,907735040,865.68,19.16,0.0000,0.00,1079
36.360,34.607,907739136,865.69,19.16,0.0000,0.00,1080
36.394,34.383,907743232,865.69,19.16,0.0000,0.00,1081
36.431,37.069,907751424,865.70,19.16,0.0000,0.00,1082
36.468,36.776,907755520,865.70,19.16,0.0000,0.00,1083
36.505,37.156,907759616,865.71,19.16,0.0000,0.00,1084
36.541,35.875,907767808,865.71,19.16,0.0000,0.00,1085
36.577,36.338,907776000,865.72,19.16,0.0000,0.00,1086
36.612,34.891,907788288,865.73,19.16,0.0000,0.00,1087
36.645,33.049,907788288,865.73,23.42,0.0000,0.00,1088
36.681,35.509,907796480,865.74,23.42,0.0000,0.00,1089
36.719,38.157,907804672,865.75,23.42,0.0000,0.00,1090
36.755,35.473,907808768,865.75,23.42,0.0000,0.00,1091
36.791,36.218,907808768,865.75,23.42,0.0000,0.00,1092
36.826,35.489,907821056,865.77,23.42,0.0000,0.00,1093
36.863,36.330,907825152,865.77,23.42,0.0000,0.00,1094
36.900,37.648,907829248,865.77,23.42,0.0000,0.00,1095
36.939,38.967,907833344,865.78,23.42,0.0000,0.00,1096
36.976,36.532,907841536,865.79,23.42,0.0000,0.00,1097
37.011,35.429,907845632,865.79,23.42,0.0000,0.00,1098
37.044,32.515,907849728,865.79,23.42,0.0000,0.00,1099
37.080,36.064,907853824,865.80,23.42,0.0000,0.00,1100
37.116,36.373,907870208,865.81,23.42,0.0000,0.00,1101
37.151,35.225,907874304,865.82,23.42,0.0000,0.00,1102
37.186,35.057,907878400,865.82,23.42,0.0000,0.00,1103
37.220,34.032,907882496,865.82,23.42,0.0000,0.00,1104
37.252,31.957,907890688,865.83,23.42,0.0000,0.00,1105
37.288,35.666,907894784,865.84,23.42,0.0000,0.00,1106
37.324,35.748,907898880,865.84,23.42,0.0000,0.00,1107
37.363,39.122,907907072,865.85,23.42,0.0000,0.00,1108
37.402,39.318,907911168,865.85,23.42,0.0000,0.00,1109
37.442,39.629,907915264,865.86,23.42,0.0000,0.00,1110
37.477,35.283,907919360,865.86,23.42,0.0000,0.00,1111
37.511,33.921,907927552,865.87,23.42,0.0000,0.00,1112
37.548,36.763,907931648,865.87,23.42,0.0000,0.00,1113
37.585,36.918,907935744,865.88,23.42,0.0000,0.00,1114
37.621,36.710,907948032,865.89,23.42,0.0000,0.00,1115
37.658,36.464,907956224,865.89,27.65,0.0000,0.00,1116
37.697,39.476,907960320,865.90,27.65,0.0000,0.00,1117
37.733,35.637,907964416,865.90,27.65,0.0000,0.00,1118
37.769,35.578,907968512,865.91,27.65,0.0000,0.00,1119
37.806,37.830,907976704,865.91,27.65,0.0000,0.00,1120
37.847,40.961,907980800,865.92,27.65,0.0000,0.00,1121
37.886,38.188,907988992,865.93,27.65,0.0000,0.00,1122
37.925,38.954,907997184,865.93,27.65,0.0000,0.00,1123
37.961,36.693,908001280,865.94,27.65,0.0000,0.00,1124
37.999,37.452,908005376,865.94,27.65,0.0000,0.00,1125
38.034,35.759,908009472,865.95,27.65,0.0000,0.00,1126
38.070,35.518,908017664,865.95,27.65,0.0000,0.00,1127
38.105,35.097,908021760,865.96,27.65,0.0000,0.00,1128
38.141,36.195,908034048,865.97,27.65,0.0000,0.00,1129
38.177,35.780,908038144,865.97,27.65,0.0000,0.00,1130
38.214,36.541,908046336,865.98,27.65,0.0000,0.00,1131
38.248,34.842,908050432,865.98,27.65,0.0000,0.00,1132
38.284,35.884,908054528,865.99,27.65,0.0000,0.00,1133
38.319,34.290,908058624,865.99,27.65,0.0000,0.00,1134
38.353,34.742,908066816,866.00,27.65,0.0000,0.00,1135
38.388,35.079,908070912,866.00,27.65,0.0000,0.00,1136
38.424,35.642,908075008,866.01,27.65,0.0000,0.00,1137
38.459,34.789,908079104,866.01,27.65,0.0000,0.00,1138
38.495,36.288,908087296,866.02,27.65,0.0000,0.00,1139
38.531,36.204,908091392,866.02,27.65,0.0000,0.00,1140
38.568,36.573,908095488,866.03,27.65,0.0000,0.00,1141
38.605,37.026,908103680,866.04,27.65,0.0000,0.00,1142
38.642,37.279,908115968,866.05,27.65,0.0000,0.00,1143
38.680,37.910,908120064,866.05,27.39,0.0000,0.00,1144
38.714,33.776,908124160,866.05,27.39,0.0000,0.00,1145
38.751,37.160,908132352,866.06,27.39,0.0000,0.00,1146
38.785,33.833,908136448,866.07,27.39,0.0000,0.00,1147
38.820,34.986,908140544,866.07,27.39,0.0000,0.00,1148
38.854,34.074,908144640,866.07,27.39,0.0000,0.00,1149
38.891,37.257,908152832,866.08,27.39,0.0000,0.00,1150
38.928,36.357,908156928,866.09,27.39,0.0000,0.00,1151
38.961,33.519,908161024,866.09,27.39,0.0000,0.00,1152
38.999,37.878,908165120,866.09,27.39,0.0000,0.00,1153
39.043,44.431,908173312,866.10,27.39,0.0000,0.00,1154
39.080,36.581,908181504,866.11,27.39,0.0000,0.00,1155
39.119,38.584,908185600,866.11,27.39,0.0000,0.00,1156
39.155,36.513,908201984,866.13,27.39,0.0000,0.00,1157
39.193,38.095,908206080,866.13,27.39,0.0000,0.00,1158
39.235,41.623,908210176,866.14,27.39,0.0000,0.00,1159
39.271,36.553,908214272,866.14,27.39,0.0000,0.00,1160
39.308,36.731,908222464,866.15,27.39,0.0000,0.00,1161
39.344,35.714,908226560,866.15,27.39,0.0000,0.00,1162
39.380,35.845,908230656,866.16,27.39,0.0000,0.00,1163
39.416,35.863,908234752,866.16,27.39,0.0000,0.00,1164
39.452,36.020,908242944,866.17,27.39,0.0000,0.00,1165
39.488,36.331,908247040,866.17,27.39,0.0000,0.00,1166
39.524,36.131,908251136,866.18,27.39,0.0000,0.00,1167
39.563,39.187,908255232,866.18,27.39,0.0000,0.00,1168
39.604,40.388,908263424,866.19,27.39,0.0000,0.00,1169
39.642,38.554,908267520,866.19,27.39,0.0000,0.00,1170
39.682,39.608,908283904,866.21,26.96,0.0000,0.00,1171
39.722,40.467,908292096,866.21,26.96,0.0000,0.00,1172
39.759,37.033,908296192,866.22,26.96,0.0000,0.00,1173
39.794,34.729,908300288,866.22,26.96,0.0000,0.00,1174
39.827,33.069,908304384,866.23,26.96,0.0000,0.00,1175
39.861,34.458,908312576,866.23,26.96,0.0000,0.00,1176
39.898,36.420,908316672,866.24,26.96,0.0000,0.00,1177
39.935,37.025,908320768,866.24,26.96,0.0000,0.00,1178
39.970,35.239,908324864,866.25,26.96,0.0000,0.00,1179
40.008,37.923,908333056,866.25,26.96,0.0000,0.00,1180
40.047,39.129,908337152,866.26,26.96,0.0000,0.00,1181
40.080,32.959,908341248,866.26,26.96,0.0000,0.00,1182
40.115,34.381,908345344,866.27,26.96,0.0000,0.00,1183
40.151,36.159,908353536,866.27,26.96,0.0000,0.00,1184
40.187,36.712,908365824,866.29,26.96,0.0000,0.00,1185
40.224,36.672,908369920,866.29,26.96,0.0000,0.00,1186
40.262,38.367,908378112,866.30,26.96,0.0000,0.00,1187
40.299,36.369,908382208,866.30,26.96,0.0000,0.00,1188
40.335,35.725,908386304,866.30,26.96,0.0000,0.00,1189
40.372,37.115,908390400,866.31,26.96,0.0000,0.00,1190
40.407,35.180,908398592,866.32,26.96,0.0000,0.00,1191
40.445,38.134,908402688,866.32,26.96,0.0000,0.00,1192
40.479,33.907,908406784,866.32,26.96,0.0000,0.00,1193
40.516,37.242,908414976,866.33,26.96,0.0000,0.00,1194
40.553,36.756,908423168,866.34,26.96,0.0000,0.00,1195
40.591,38.004,908427264,866.34,26.96,0.0000,0.00,1196
40.628,36.662,908431360,866.35,26.96,0.0000,0.00,1197
40.663,35.746,908439552,866.36,26.96,0.0000,0.00,1198
40.701,37.438,908451840,866.37,27.48,0.0000,0.00,1199
40.739,38.308,908455936,866.37,27.48,0.0000,0.00,1200
40.777,37.599,908460032,866.38,27.48,0.0000,0.00,1201
40.814,37.083,908468224,866.38,27.48,0.0000,0.00,1202
40.852,38.455,908472320,866.39,27.48,0.0000,0.00,1203
40.890,38.017,908476416,866.39,27.48,0.0000,0.00,1204
40.925,35.129,908480512,866.39,27.48,0.0000,0.00,1205
40.962,36.466,908488704,866.40,27.48,0.0000,0.00,1206
40.997,34.871,908492800,866.41,27.48,0.0000,0.00,1207
41.037,39.950,908496896,866.41,27.48,0.0000,0.00,1208
41.071,34.767,908500992,866.41,27.48,0.0000,0.00,1209
41.109,37.323,908509184,866.42,27.48,0.0000,0.00,1210
41.145,36.024,908513280,866.43,27.48,0.0000,0.00,1211
41.182,37.588,908517376,866.43,27.48,0.0000,0.00,1212
41.220,37.706,908529664,866.44,27.48,0.0000,0.00,1213
41.257,37.198,908537856,866.45,27.48,0.0000,0.00,1214
41.294,37.250,908541952,866.45,27.48,0.0000,0.00,1215
41.329,34.872,908546048,866.46,27.48,0.0000,0.00,1216
41.367,37.345,908558336,866.47,27.48,0.0000,0.00,1217
41.402,35.497,908562432,866.47,27.48,0.0000,0.00,1218
41.438,35.613,908562432,866.47,27.48,0.0000,0.00,1219
41.477,39.217,908570624,866.48,27.48,0.0000,0.00,1220
41.514,36.931,908578816,866.49,27.48,0.0000,0.00,1221
41.548,34.342,908582912,866.49,27.48,0.0000,0.00,1222
41.586,37.980,908587008,866.50,27.48,0.0000,0.00,1223
41.625,38.415,908591104,866.50,27.48,0.0000,0.00,1224
41.664,39.500,908599296,866.51,27.48,0.0000,0.00,1225
41.704,40.181,908603392,866.51,26.90,0.0000,0.00,1226
41.746,42.012,908615680,866.52,26.90,0.0000,0.00,1227
41.785,38.204,908623872,866.53,26.90,0.0000,0.00,1228
41.823,38.331,908632064,866.54,26.90,0.0000,0.00,1229
41.862,39.066,908632064,866.54,26.90,0.0000,0.00,1230
41.898,35.666,908640256,866.55,26.90,0.0000,0.00,1231
41.933,34.946,908648448,866.55,26.90,0.0000,0.00,1232
41.967,34.785,908652544,866.56,26.90,0.0000,0.00,1233
42.003,36.097,908652544,866.56,26.90,0.0000,0.00,1234
42.041,37.715,908660736,866.57,26.90,0.0000,0.00,1235
42.079,38.246,908668928,866.57,26.90,0.0000,0.00,1236
42.115,35.662,908673024,866.58,26.90,0.0000,0.00,1237
42.152,37.119,908677120,866.58,26.90,0.0000,0.00,1238
42.189,36.942,908681216,866.59,26.90,0.0000,0.00,1239
42.224,34.486,908689408,866.59,26.90,0.0000,0.00,1240
42.262,38.854,908701696,866.61,26.90,0.0000,0.00,1241
42.300,37.737,908705792,866.61,26.90,0.0000,0.00,1242
42.338,37.845,908713984,866.62,26.90,0.0000,0.00,1243
42.376,37.556,908718080,866.62,26.90,0.0000,0.00,1244
42.412,36.345,908722176,866.63,26.90,0.0000,0.00,1245
42.448,36.249,908726272,866.63,26.90,0.0000,0.00,1246
42.486,37.903,908734464,866.64,26.90,0.0000,0.00,1247
42.523,36.538,908738560,866.64,26.90,0.0000,0.00,1248
42.559,35.853,908742656,866.64,26.90,0.0000,0.00,1249
42.595,36.919,908746752,866.65,26.90,0.0000,0.00,1250
42.631,35.513,908754944,866.66,26.90,0.0000,0.00,1251
42.669,37.645,908763136,866.66,26.90,0.0000,0.00,1252
42.705,36.603,908763136,866.66,26.98,0.0000,0.00,1253
42.742,36.312,908771328,866.67,26.98,0.0000,0.00,1254
42.778,36.079,908787712,866.69,26.98,0.0000,0.00,1255
42.815,37.375,908791808,866.69,26.98,0.0000,0.00,1256
42.852,37.141,908795904,866.70,26.98,0.0000,0.00,1257
42.889,37.005,908804096,866.70,26.98,0.0000,0.00,1258
42.923,34.303,908808192,866.71,26.98,0.0000,0.00,1259
42.961,37.548,908812288,866.71,26.98,0.0000,0.00,1260
42.997,35.564,908816384,866.71,26.98,0.0000,0.00,1261
43.034,37.380,908824576,866.72,26.98,0.0000,0.00,1262
43.071,37.111,908828672,866.73,26.98,0.0000,0.00,1263
43.110,38.928,908832768,866.73,26.98,0.0000,0.00,1264
43.146,36.378,908836864,866.73,26.98,0.0000,0.00,1265
43.183,36.254,908845056,866.74,26.98,0.0000,0.00,1266
43.225,42.097,908849152,866.75,26.98,0.0000,0.00,1267
43.264,39.701,908853248,866.75,26.98,0.0000,0.00,1268
43.301,37.112,908873728,866.77,26.98,0.0000,0.00,1269
43.340,38.238,908877824,866.77,26.98,0.0000,0.00,1270
43.375,35.541,908881920,866.78,26.98,0.0000,0.00,1271
43.413,37.312,908886016,866.78,26.98,0.0000,0.00,1272
43.452,38.989,908894208,866.79,26.98,0.0000,0.00,1273
43.489,37.041,908898304,866.79,26.98,0.0000,0.00,1274
43.528,39.042,908902400,866.80,26.98,0.0000,0.00,1275
43.564,36.678,908906496,866.80,26.98,0.0000,0.00,1276
43.599,34.388,908914688,866.81,26.98,0.0000,0.00,1277
43.637,37.794,908918784,866.81,26.98,0.0000,0.00,1278
43.675,38.676,908922880,866.82,26.98,0.0000,0.00,1279
43.714,38.872,908931072,866.82,26.76,0.0000,0.00,1280
43.751,36.678,908939264,866.83,26.76,0.0000,0.00,1281
43.788,37.700,908943360,866.84,26.76,0.0000,0.00,1282
43.825,36.700,908951552,866.84,26.76,0.0000,0.00,1283
43.865,39.981,908963840,866.86,26.76,0.0000,0.00,1284
43.910,44.436,908967936,866.86,26.76,0.0000,0.00,1285
43.948,38.553,908972032,866.86,26.76,0.0000,0.00,1286
43.983,34.539,908980224,866.87,26.76,0.0000,0.00,1287
44.021,38.752,908984320,866.88,26.76,0.0000,0.00,1288
44.061,39.478,908988416,866.88,26.76,0.0000,0.00,1289
44.099,38.530,908992512,866.88,26.76,0.0000,0.00,1290
44.138,38.796,909000704,866.89,26.76,0.0000,0.00,1291
44.176,37.918,909008896,866.90,26.76,0.0000,0.00,1292
44.213,36.884,909012992,866.90,26.76,0.0000,0.00,1293
44.255,41.553,909017088,866.91,26.76,0.0000,0.00,1294
44.295,40.432,909025280,866.91,26.76,0.0000,0.00,1295
44.335,39.949,909037568,866.93,26.76,0.0000,0.00,1296
44.375,39.785,909041664,866.93,26.76,0.0000,0.00,1297
44.412,36.963,909049856,866.94,26.76,0.0000,0.00,1298
44.449,37.053,909058048,866.95,26.76,0.0000,0.00,1299
44.486,37.711,909062144,866.95,26.76,0.0000,0.00,1300
44.524,37.379,909070336,866.96,26.76,0.0000,0.00,1301
44.561,37.288,909074432,866.96,26.76,0.0000,0.00,1302
44.598,37.108,909078528,866.96,26.76,0.0000,0.00,1303
44.636,38.059,909082624,866.97,26.76,0.0000,0.00,1304
44.675,38.774,909090816,866.98,26.76,0.0000,0.00,1305
44.718,43.349,909094912,866.98,25.89,0.0000,0.00,1306
44.757,38.608,909103104,866.99,25.89,0.0000,0.00,1307
44.793,36.158,909103104,866.99,25.89,0.0000,0.00,1308
44.829,35.571,909111296,867.00,25.89,0.0000,0.00,1309
44.869,39.796,909127680,867.01,25.89,0.0000,0.00,1310
44.906,37.876,909131776,867.02,25.89,0.0000,0.00,1311
44.944,38.065,909139968,867.02,25.89,0.0000,0.00,1312
44.980,35.990,909144064,867.03,25.89,0.0000,0.00,1313
45.017,36.103,909148160,867.03,25.89,0.0000,0.00,1314
45.055,37.943,909152256,867.04,25.89,0.0000,0.00,1315
45.093,38.329,909160448,867.04,25.89,0.0000,0.00,1316
45.130,36.908,909164544,867.05,25.89,0.0000,0.00,1317
45.169,39.034,909168640,867.05,25.89,0.0000,0.00,1318
45.207,38.193,909176832,867.06,25.89,0.0000,0.00,1319
45.243,36.144,909180928,867.06,25.89,0.0000,0.00,1320
45.282,38.452,909189120,867.07,25.89,0.0000,0.00,1321
45.317,35.683,909193216,867.07,25.89,0.0000,0.00,1322
45.363,45.504,909201408,867.08,25.89,0.0000,0.00,1323
45.404,41.561,909213696,867.09,25.89,0.0000,0.00,1324
45.442,38.079,909217792,867.10,25.89,0.0000,0.00,1325
45.479,36.542,909221888,867.10,25.89,0.0000,0.00,1326
45.516,37.124,909230080,867.11,25.89,0.0000,0.00,1327
45.554,38.178,909234176,867.11,25.89,0.0000,0.00,1328
45.588,34.072,909238272,867.12,25.89,0.0000,0.00,1329
45.627,38.637,909246464,867.13,25.89,0.0000,0.00,1330
45.666,38.757,909250560,867.13,25.89,0.0000,0.00,1331
45.702,35.926,909258752,867.14,25.89,0.0000,0.00,1332
45.737,35.425,909262848,867.14,26.51,0.0000,0.00,1333
45.776,38.508,909266944,867.14,26.51,0.0000,0.00,1334
45.814,38.334,909275136,867.15,26.51,0.0000,0.00,1335
45.851,37.465,909279232,867.16,26.51,0.0000,0.00,1336
45.887,35.965,909291520,867.17,26.51,0.0000,0.00,1337
45.923,36.005,909332480,867.21,26.51,0.0000,0.00,1338
45.962,39.066,909361152,867.23,26.51,0.0000,0.00,1339
46.003,40.166,909385728,867.26,26.51,0.0000,0.00,1340
46.042,39.744,909418496,867.29,26.51,0.0000,0.00,1341
46.080,37.806,909443072,867.31,26.51,0.0000,0.00,1342
46.118,37.915,909471744,867.34,26.51,0.0000,0.00,1343
46.155,37.044,909504512,867.37,26.51,0.0000,0.00,1344
46.193,37.856,909529088,867.39,26.51,0.0000,0.00,1345
46.228,34.915,909561856,867.43,26.51,0.0000,0.00,1346
46.265,36.845,909586432,867.45,26.51,0.0000,0.00,1347
46.304,39.703,909619200,867.48,26.51,0.0000,0.00,1348
46.344,39.559,909647872,867.51,26.51,0.0000,0.00,1349
46.385,40.594,909672448,867.53,26.51,0.0000,0.00,1350
46.425,40.831,909709312,867.57,26.51,0.0000,0.00,1351
46.464,38.692,909737984,867.59,26.51,0.0000,0.00,1352
46.501,36.827,909766656,867.62,26.51,0.0000,0.00,1353
46.540,38.688,909795328,867.65,26.51,0.0000,0.00,1354
46.579,39.084,909824000,867.68,26.51,0.0000,0.00,1355
46.616,37.811,909852672,867.70,26.51,0.0000,0.00,1356
46.656,39.625,909881344,867.73,26.51,0.0000,0.00,1357
46.694,38.355,909910016,867.76,26.51,0.0000,0.00,1358
46.732,37.915,909938688,867.79,26.51,0.0000,0.00,1359
46.772,39.990,909967360,867.81,26.08,0.0000,0.00,1360
46.811,38.655,909996032,867.84,26.08,0.0000,0.00,1361
46.851,40.266,910028800,867.87,26.08,0.0000,0.00,1362
46.892,40.475,910069760,867.91,26.08,0.0000,0.00,1363
46.931,39.324,910114816,867.95,26.08,0.0000,0.00,1364
46.970,38.849,910151680,867.99,26.08,0.0000,0.00,1365
47.009,38.880,910192640,868.03,26.08,0.0000,0.00,1366
47.049,40.629,910225408,868.06,26.08,0.0000,0.00,1367
47.086,37.051,910262272,868.09,26.08,0.0000,0.00,1368
47.125,38.374,910295040,868.13,26.08,0.0000,0.00,1369
47.166,40.837,910336000,868.16,26.08,0.0000,0.00,1370
47.205,39.763,910372864,868.20,26.08,0.0000,0.00,1371
47.244,38.956,910405632,868.23,26.08,0.0000,0.00,1372
47.283,38.902,910446592,868.27,26.08,0.0000,0.00,1373
47.322,38.294,910483456,868.30,26.08,0.0000,0.00,1374
47.360,38.634,910524416,868.34,26.08,0.0000,0.00,1375
47.398,37.964,910557184,868.38,26.08,0.0000,0.00,1376
47.436,37.994,910610432,868.43,26.08,0.0000,0.00,1377
47.475,38.915,910651392,868.46,26.08,0.0000,0.00,1378
47.516,41.176,910684160,868.50,26.08,0.0000,0.00,1379
47.560,43.394,910725120,868.54,26.08,0.0000,0.00,1380
47.599,39.478,910757888,868.57,26.08,0.0000,0.00,1381
47.637,38.059,910794752,868.60,26.08,0.0000,0.00,1382
47.678,40.870,910839808,868.64,26.08,0.0000,0.00,1383
47.716,38.195,910876672,868.68,26.08,0.0000,0.00,1384
47.764,47.300,910913536,868.71,26.08,0.0000,0.00,1385
47.807,43.065,910946304,868.75,25.14,0.0000,0.00,1386
47.843,36.728,910987264,868.79,25.14,0.0000,0.00,1387
47.884,40.871,911024128,868.82,25.14,0.0000,0.00,1388
47.925,41.012,911065088,868.86,25.14,0.0000,0.00,1389
47.965,39.408,911110144,868.90,25.14,0.0000,0.00,1390
48.004,39.662,911147008,868.94,25.14,0.0000,0.00,1391
48.044,39.458,911187968,868.98,25.14,0.0000,0.00,1392
48.082,38.373,911224832,869.01,25.14,0.0000,0.00,1393
48.120,37.741,911261696,869.05,25.14,0.0000,0.00,1394
48.161,41.498,911298560,869.08,25.14,0.0000,0.00,1395
48.201,39.852,911331328,869.11,25.14,0.0000,0.00,1396
48.239,38.091,911372288,869.15,25.14,0.0000,0.00,1397
48.277,37.572,911413248,869.19,25.14,0.0000,0.00,1398
48.315,38.039,911450112,869.23,25.14,0.0000,0.00,1399
48.354,39.135,911486976,869.26,25.14,0.0000,0.00,1400
48.392,38.241,911523840,869.30,25.14,0.0000,0.00,1401
48.434,42.120,911560704,869.33,25.14,0.0000,0.00,1402
48.476,41.411,911609856,869.38,25.14,0.0000,0.00,1403
48.516,40.573,911642624,869.41,25.14,0.0000,0.00,1404
48.557,40.068,911691776,869.46,25.14,0.0000,0.00,1405
48.594,37.820,911720448,869.48,25.14,0.0000,0.00,1406
48.634,39.708,911765504,869.53,25.14,0.0000,0.00,1407
48.674,40.321,911802368,869.56,25.14,0.0000,0.00,1408
48.713,38.931,911839232,869.60,25.14,0.0000,0.00,1409
48.756,42.215,911876096,869.63,25.14,0.0000,0.00,1410
48.798,42.408,911908864,869.66,25.14,0.0000,0.00,1411
48.837,39.380,911958016,869.71,25.23,0.0000,0.00,1412
48.879,41.232,911990784,869.74,25.23,0.0000,0.00,1413
48.915,36.526,912027648,869.78,25.23,0.0000,0.00,1414
48.957,41.829,912064512,869.81,25.23,0.0000,0.00,1415
48.996,38.866,912113664,869.86,25.23,0.0000,0.00,1416
49.039,43.714,912150528,869.89,25.23,0.0000,0.00,1417
49.078,38.616,912191488,869.93,25.23,0.0000,0.00,1418
49.118,39.759,912228352,869.97,25.23,0.0000,0.00,1419
49.158,40.636,912261120,870.00,25.23,0.0000,0.00,1420
49.202,43.661,912302080,870.04,25.23,0.0000,0.00,1421
49.243,40.477,912343040,870.08,25.23,0.0000,0.00,1422
49.285,42.598,912375808,870.11,25.23,0.0000,0.00,1423
49.324,38.904,912416768,870.15,25.23,0.0000,0.00,1424
49.368,43.959,912453632,870.18,25.23,0.0000,0.00,1425
49.407,39.153,912490496,870.22,25.23,0.0000,0.00,1426
49.446,38.671,912531456,870.26,25.23,0.0000,0.00,1427
49.485,39.301,912568320,870.29,25.23,0.0000,0.00,1428
49.529,44.014,912617472,870.34,25.23,0.0000,0.00,1429
49.570,41.212,912654336,870.38,25.23,0.0000,0.00,1430
49.611,40.554,912695296,870.41,25.23,0.0000,0.00,1431
49.653,41.785,912732160,870.45,25.23,0.0000,0.00,1432
49.696,43.381,912769024,870.48,25.23,0.0000,0.00,1433
49.737,40.573,912805888,870.52,25.23,0.0000,0.00,1434
49.779,42.729,912846848,870.56,25.23,0.0000,0.00,1435
49.817,37.657,912887808,870.60,25.23,0.0000,0.00,1436
49.858,41.035,912920576,870.63,24.49,0.0000,0.00,1437
49.900,41.552,912961536,870.67,24.49,0.0000,0.00,1438
49.941,41.719,912998400,870.70,24.49,0.0000,0.00,1439
49.980,38.227,913031168,870.73,24.49,0.0000,0.00,1440
50.019,39.457,913080320,870.78,24.49,0.0000,0.00,1441
50.060,41.337,913121280,870.82,24.49,0.0000,0.00,1442
50.104,43.304,913158144,870.86,24.49,0.0000,0.00,1443
50.146,42.411,913195008,870.89,24.49,0.0000,0.00,1444
50.191,45.069,913240064,870.93,24.49,0.0000,0.00,1445
50.233,41.911,913281024,870.97,24.49,0.0000,0.00,1446
50.271,38.075,913313792,871.00,24.49,0.0000,0.00,1447
50.314,43.188,913354752,871.04,24.49,0.0000,0.00,1448
50.358,43.233,913391616,871.08,24.49,0.0000,0.00,1449
50.398,40.310,913428480,871.11,24.49,0.0000,0.00,1450
50.441,43.357,913473536,871.16,24.49,0.0000,0.00,1451
50.481,40.019,913506304,871.19,24.49,0.0000,0.00,1452
50.525,43.454,913543168,871.22,24.49,0.0000,0.00,1453
50.570,44.888,913596416,871.27,24.49,0.0000,0.00,1454
50.612,42.407,913633280,871.31,24.49,0.0000,0.00,1455
50.653,41.004,913670144,871.34,24.49,0.0000,0.00,1456
50.696,42.643,913707008,871.38,24.49,0.0000,0.00,1457
50.736,40.136,913747968,871.42,24.49,0.0000,0.00,1458
50.779,43.190,913784832,871.45,24.49,0.0000,0.00,1459
50.823,43.985,913825792,871.49,24.49,0.0000,0.00,1460
50.869,46.279,913870848,871.54,23.74,0.0000,0.00,1461
50.918,49.048,913903616,871.57,23.74,0.0000,0.00,1462
50.959,40.978,913940480,871.60,23.74,0.0000,0.00,1463
51.000,40.544,913981440,871.64,23.74,0.0000,0.00,1464
51.045,44.655,914022400,871.68,23.74,0.0000,0.00,1465
51.091,46.238,914067456,871.72,23.74,0.0000,0.00,1466
51.138,47.446,914108416,871.76,23.74,0.0000,0.00,1467
51.178,39.610,914149376,871.80,23.74,0.0000,0.00,1468
51.221,43.360,914186240,871.84,23.74,0.0000,0.00,1469
51.262,41.063,914227200,871.88,23.74,0.0000,0.00,1470
51.303,40.984,914264064,871.91,23.74,0.0000,0.00,1471
51.341,37.312,914296832,871.94,23.74,0.0000,0.00,1472
51.377,36.809,914333696,871.98,23.74,0.0000,0.00,1473
51.414,37.144,914374656,872.02,23.74,0.0000,0.00,1474
51.451,36.727,914415616,872.05,23.74,0.0000,0.00,1475
51.490,38.378,914448384,872.09,23.74,0.0000,0.00,1476
51.528,38.546,914485248,872.12,23.74,0.0000,0.00,1477
51.568,39.956,914526208,872.16,23.74,0.0000,0.00,1478
51.607,39.052,914575360,872.21,23.74,0.0000,0.00,1479
51.647,40.270,914612224,872.24,23.74,0.0000,0.00,1480
51.686,38.240,914649088,872.28,23.74,0.0000,0.00,1481
51.728,42.158,914685952,872.31,23.74,0.0000,0.00,1482
51.771,43.020,914731008,872.36,23.74,0.0000,0.00,1483
51.808,36.930,914767872,872.39,23.74,0.0000,0.00,1484
51.847,39.152,914804736,872.43,23.74,0.0000,0.00,1485
51.885,38.289,914841600,872.46,24.61,0.0000,0.00,1486
51.929,43.367,914878464,872.50,24.61,0.0000,0.00,1487
51.967,38.321,914919424,872.54,24.61,0.0000,0.00,1488
52.007,39.697,914964480,872.58,24.61,0.0000,0.00,1489
52.045,38.782,915005440,872.62,24.61,0.0000,0.00,1490
52.087,41.840,915042304,872.65,24.61,0.0000,0.00,1491
52.127,39.777,915091456,872.70,24.61,0.0000,0.00,1492
52.167,39.632,915128320,872.73,24.61,0.0000,0.00,1493
52.206,39.417,915161088,872.77,24.61,0.0000,0.00,1494
52.244,38.008,915202048,872.80,24.61,0.0000,0.00,1495
52.285,41.286,915243008,872.84,24.61,0.0000,0.00,1496
52.326,40.431,915279872,872.88,24.61,0.0000,0.00,1497
52.371,45.253,915320832,872.92,24.61,0.0000,0.00,1498
52.414,42.875,915357696,872.95,24.61,0.0000,0.00,1499
52.454,40.347,915394560,872.99,24.61,0.0000,0.00,1500
52.492,37.684,915435520,873.03,24.61,0.0000,0.00,1501
52.529,36.879,915472384,873.06,24.61,0.0000,0.00,1502
52.571,42.583,915513344,873.10,24.61,0.0000,0.00,1503
52.612,40.193,915550208,873.14,24.61,0.0000,0.00,1504
52.650,38.828,915599360,873.18,24.61,0.0000,0.00,1505
52.693,42.618,915636224,873.22,24.61,0.0000,0.00,1506
52.734,40.603,915677184,873.26,24.61,0.0000,0.00,1507
52.780,46.002,915718144,873.30,24.61,0.0000,0.00,1508
52.819,39.761,915755008,873.33,24.61,0.0000,0.00,1509
52.862,42.968,915791872,873.37,24.61,0.0000,0.00,1510
52.902,40.061,915828736,873.40,24.58,0.0000,0.00,1511
52.942,40.007,915873792,873.45,24.58,0.0000,0.00,1512
52.981,38.155,915906560,873.48,24.58,0.0000,0.00,1513
53.020,39.270,915947520,873.52,24.58,0.0000,0.00,1514
53.063,42.677,915984384,873.55,24.58,0.0000,0.00,1515
53.101,38.677,916021248,873.59,24.58,0.0000,0.00,1516
53.144,42.378,916066304,873.63,24.58,0.0000,0.00,1517
53.183,39.868,916115456,873.68,24.58,0.0000,0.00,1518
53.222,38.915,916152320,873.71,24.58,0.0000,0.00,1519
53.260,37.947,916185088,873.74,24.58,0.0000,0.00,1520
53.305,44.370,916230144,873.79,24.58,0.0000,0.00,1521
53.345,40.152,916271104,873.82,24.58,0.0000,0.00,1522
53.383,38.067,916307968,873.86,24.58,0.0000,0.00,1523
53.423,39.690,916344832,873.89,24.58,0.0000,0.00,1524
53.460,37.411,916381696,873.93,24.58,0.0000,0.00,1525
53.499,39.279,916418560,873.96,24.58,0.0000,0.00,1526
53.540,40.648,916463616,874.01,24.58,0.0000,0.00,1527
53.580,40.301,916496384,874.04,24.58,0.0000,0.00,1528
53.624,43.754,916541440,874.08,24.58,0.0000,0.00,1529
53.670,46.353,916574208,874.11,24.58,0.0000,0.00,1530
53.721,50.296,916627456,874.16,24.58,0.0000,0.00,1531
53.769,48.410,916668416,874.20,24.58,0.0000,0.00,1532
53.812,42.896,916701184,874.23,24.58,0.0000,0.00,1533
53.863,51.027,916750336,874.28,24.58,0.0000,0.00,1534
53.901,37.796,916783104,874.31,24.58,0.0000,0.00,1535
53.939,38.162,916824064,874.35,24.12,0.0000,0.00,1536
53.976,37.331,916860928,874.39,24.12,0.0000,0.00,1537
54.013,36.372,916901888,874.43,24.12,0.0000,0.00,1538
54.053,40.041,916938752,874.46,24.12,0.0000,0.00,1539
54.095,42.653,916971520,874.49,24.12,0.0000,0.00,1540
54.139,43.724,917020672,874.54,24.12,0.0000,0.00,1541
54.183,44.371,917053440,874.57,24.12,0.0000,0.00,1542
54.225,42.012,917098496,874.61,24.12,0.0000,0.00,1543
54.266,40.545,917135360,874.65,24.12,0.0000,0.00,1544
54.305,38.660,917184512,874.70,24.12,0.0000,0.00,1545
54.343,38.336,917221376,874.73,24.12,0.0000,0.00,1546
54.382,39.238,917258240,874.77,24.12,0.0000,0.00,1547
54.427,44.900,917303296,874.81,24.12,0.0000,0.00,1548
54.465,38.115,917340160,874.84,24.12,0.0000,0.00,1549
54.512,46.812,917377024,874.88,24.12,0.0000,0.00,1550
54.562,50.382,917422080,874.92,24.12,0.0000,0.00,1551
54.610,47.538,917454848,874.95,24.12,0.0000,0.00,1552
54.649,38.629,917491712,874.99,24.12,0.0000,0.00,1553
54.694,45.390,917528576,875.02,24.12,0.0000,0.00,1554
54.733,39.022,917577728,875.07,24.12,0.0000,0.00,1555
54.777,43.723,917622784,875.11,24.12,0.0000,0.00,1556
54.825,48.056,917659648,875.15,24.12,0.0000,0.00,1557
54.864,39.359,917700608,875.19,24.12,0.0000,0.00,1558
54.906,41.501,917733376,875.22,24.12,0.0000,0.00,1559
54.945,39.779,917774336,875.26,23.85,0.0000,0.00,1560
54.983,38.084,917819392,875.30,23.85,0.0000,0.00,1561
55.022,38.089,917852160,875.33,23.85,0.0000,0.00,1562
55.067,45.363,917889024,875.37,23.85,0.0000,0.00,1563
55.110,42.694,917925888,875.40,23.85,0.0000,0.00,1564
55.153,42.917,917966848,875.44,23.85,0.0000,0.00,1565
55.191,38.330,918003712,875.48,23.85,0.0000,0.00,1566
55.231,40.048,918044672,875.52,23.85,0.0000,0.00,1567
55.275,43.953,918097920,875.57,23.85,0.0000,0.00,1568
55.319,44.376,918134784,875.60,23.85,0.0000,0.00,1569
55.359,39.583,918171648,875.64,23.85,0.0000,0.00,1570
55.402,43.608,918216704,875.68,23.85,0.0000,0.00,1571
55.444,41.190,918249472,875.71,23.85,0.0000,0.00,1572
55.482,38.224,918290432,875.75,23.85,0.0000,0.00,1573
55.528,46.479,918331392,875.79,23.85,0.0000,0.00,1574
55.570,41.290,918368256,875.82,23.85,0.0000,0.00,1575
55.609,39.198,918401024,875.86,23.85,0.0000,0.00,1576
55.648,39.511,918446080,875.90,23.85,0.0000,0.00,1577
55.690,41.585,918491136,875.94,23.85,0.0000,0.00,1578
55.727,37.017,918523904,875.97,23.85,0.0000,0.00,1579
55.770,43.175,918564864,876.01,23.85,0.0000,0.00,1580
55.818,48.015,918614016,876.06,23.85,0.0000,0.00,1581
55.861,42.794,918646784,876.09,23.85,0.0000,0.00,1582
55.901,40.342,918691840,876.13,23.85,0.0000,0.00,1583
55.941,40.156,918728704,876.17,23.85,0.0000,0.00,1584
55.985,43.775,918765568,876.20,24.04,0.0000,0.00,1585
56.024,38.308,918798336,876.23,24.04,0.0000,0.00,1586
56.063,39.912,918839296,876.27,24.04,0.0000,0.00,1587
56.103,39.444,918884352,876.32,24.04,0.0000,0.00,1588
56.142,39.557,918921216,876.35,24.04,0.0000,0.00,1589
56.191,48.182,918962176,876.39,24.04,0.0000,0.00,1590
56.231,40.614,918999040,876.43,24.04,0.0000,0.00,1591
56.275,43.951,919035904,876.46,24.04,0.0000,0.00,1592
56.315,39.782,919072768,876.50,24.04,0.0000,0.00,1593
56.361,45.609,919126016,876.55,24.04,0.0000,0.00,1594
56.401,40.159,919162880,876.58,24.04,0.0000,0.00,1595
56.442,41.151,919195648,876.61,24.04,0.0000,0.00,1596
56.480,38.508,919236608,876.65,24.04,0.0000,0.00,1597
56.520,39.366,919281664,876.70,24.04,0.0000,0.00,1598
56.560,40.695,919314432,876.73,24.04,0.0000,0.00,1599
56.601,40.768,919359488,876.77,24.04,0.0000,0.00,1600
56.641,39.616,919400448,876.81,24.04,0.0000,0.00,1601
56.680,39.603,919437312,876.84,24.04,0.0000,0.00,1602
56.722,41.963,919474176,876.88,24.04,0.0000,0.00,1603
56.764,41.550,919515136,876.92,24.04,0.0000,0.00,1604
56.805,41.405,919556096,876.96,24.04,0.0000,0.00,1605
56.847,41.728,919588864,876.99,24.04,0.0000,0.00,1606
56.893,45.701,919642112,877.04,24.04,0.0000,0.00,1607
56.932,39.683,919678976,877.07,24.04,0.0000,0.00,1608
56.976,43.547,919715840,877.11,24.04,0.0000,0.00,1609
57.019,43.092,919756800,877.15,24.18,0.0000,0.00,1610
57.059,40.188,919797760,877.19,24.18,0.0000,0.00,1611
57.107,47.573,919838720,877.23,24.18,0.0000,0.00,1612
57.147,40.412,919871488,877.26,24.18,0.0000,0.00,1613
57.192,44.914,919916544,877.30,24.18,0.0000,0.00,1614
57.238,46.196,919949312,877.33,24.18,0.0000,0.00,1615
57.279,40.386,919986176,877.37,24.18,0.0000,0.00,1616
57.318,39.413,920027136,877.41,24.18,0.0000,0.00,1617
57.362,44.050,920068096,877.45,24.18,0.0000,0.00,1618
57.408,45.466,920117248,877.49,24.18,0.0000,0.00,1619
57.452,43.990,920154112,877.53,24.18,0.0000,0.00,1620
57.501,49.527,920199168,877.57,24.18,0.0000,0.00,1621
57.542,40.451,920240128,877.61,24.18,0.0000,0.00,1622
57.581,39.774,920276992,877.64,24.18,0.0000,0.00,1623
57.625,44.015,920313856,877.68,24.18,0.0000,0.00,1624
57.669,43.889,920346624,877.71,24.18,0.0000,0.00,1625
57.707,37.879,920387584,877.75,24.18,0.0000,0.00,1626
57.750,42.383,920432640,877.79,24.18,0.0000,0.00,1627
57.791,41.313,920465408,877.82,24.18,0.0000,0.00,1628
57.836,45.322,920510464,877.87,24.18,0.0000,0.00,1629
57.881,45.072,920547328,877.90,24.18,0.0000,0.00,1630
57.926,44.538,920600576,877.95,24.18,0.0000,0.00,1631
57.971,45.103,920637440,877.99,24.18,0.0000,0.00,1632
58.014,42.594,920678400,878.03,24.18,0.0000,0.00,1633
58.051,37.444,920715264,878.06,23.26,0.0000,0.00,1634
58.090,38.679,920748032,878.09,23.26,0.0000,0.00,1635
58.130,40.453,920793088,878.14,23.26,0.0000,0.00,1636
58.170,40.234,920829952,878.17,23.26,0.0000,0.00,1637
58.209,38.560,921001984,878.34,23.26,0.0000,0.00,1638
58.253,44.219,921047040,878.38,23.26,0.0000,0.00,1639
58.298,44.663,921079808,878.41,23.26,0.0000,0.00,1640
58.337,38.947,921124864,878.45,23.26,0.0000,0.00,1641
58.379,41.960,921157632,878.48,23.26,0.0000,0.00,1642
58.426,47.768,921206784,878.53,23.26,0.0000,0.00,1643
58.466,39.968,921247744,878.57,23.26,0.0000,0.00,1644
58.505,38.606,921284608,878.61,23.26,0.0000,0.00,1645
58.553,48.082,921337856,878.66,23.26,0.0000,0.00,1646
58.591,37.394,921382912,878.70,23.26,0.0000,0.00,1647
58.642,51.109,921432064,878.75,23.26,0.0000,0.00,1648
58.681,39.779,921489408,878.80,23.26,0.0000,0.00,1649
58.721,39.489,921542656,878.85,23.26,0.0000,0.00,1650
58.761,40.119,921600000,878.91,23.26,0.0000,0.00,1651
58.804,43.256,921653248,878.96,23.26,0.0000,0.00,1652
58.847,42.400,921706496,879.01,23.26,0.0000,0.00,1653
58.887,40.594,921751552,879.05,23.26,0.0000,0.00,1654
58.928,40.321,921821184,879.12,23.26,0.0000,0.00,1655
58.971,42.976,921882624,879.18,23.26,0.0000,0.00,1656
59.012,41.362,921935872,879.23,23.26,0.0000,0.00,1657
59.053,41.301,921989120,879.28,23.95,0.0000,0.00,1658
59.095,41.883,922050560,879.34,23.95,0.0000,0.00,1659
59.147,51.928,922107904,879.39,23.95,0.0000,0.00,1660
59.185,38.116,922161152,879.44,23.95,0.0000,0.00,1661
59.232,47.190,922214400,879.49,23.95,0.0000,0.00,1662
59.272,39.944,922267648,879.54,23.95,0.0000,0.00,1663
59.313,40.703,922316800,879.59,23.95,0.0000,0.00,1664
59.353,39.678,922378240,879.65,23.95,0.0000,0.00,1665
59.392,39.067,922439680,879.71,23.95,0.0000,0.00,1666
59.440,48.195,922497024,879.76,23.95,0.0000,0.00,1667
59.486,46.432,922550272,879.81,23.95,0.0000,0.00,1668
59.529,42.563,922611712,879.87,23.95,0.0000,0.00,1669
59.571,41.819,922669056,879.93,23.95,0.0000,0.00,1670
59.611,39.828,922722304,879.98,23.95,0.0000,0.00,1671
59.654,43.858,922771456,880.02,23.95,0.0000,0.00,1672
59.697,42.634,922824704,880.07,23.95,0.0000,0.00,1673
59.741,43.494,922886144,880.13,23.95,0.0000,0.00,1674
59.780,39.352,922939392,880.18,23.95,0.0000,0.00,1675
59.821,40.810,922992640,880.23,23.95,0.0000,0.00,1676
59.862,41.526,923049984,880.29,23.95,0.0000,0.00,1677
59.904,41.405,923103232,880.34,23.95,0.0000,0.00,1678
59.949,45.587,923168768,880.40,23.95,0.0000,0.00,1679
59.996,46.498,923226112,880.46,23.95,0.0000,0.00,1680
