timestamp,frame_time_ms,memory_bytes,memory_mb,throughput_msg_sec,cache_hit_rate,avg_hop_count,messages_sent
0.020,20.000,956145664,911.85,0.00,0.0000,0.00,0
0.279,259.494,957014016,912.68,0.00,0.0000,0.00,1
0.345,65.930,957190144,912.85,0.00,0.0000,0.00,2
0.379,33.756,957214720,912.87,0.00,0.0000,0.00,3
0.410,30.594,957243392,912.90,0.00,0.0000,0.00,4
0.439,28.794,957276160,912.93,0.00,0.0000,0.00,5
0.467,28.247,957304832,912.96,0.00,0.0000,0.00,6
0.497,30.671,957329408,912.98,0.00,0.0000,0.00,7
0.535,37.023,957362176,913.01,0.00,0.0000,0.00,8
0.566,31.694,957390848,913.04,0.00,0.0000,0.00,9
0.604,37.538,958054400,913.67,0.00,0.0000,0.00,10
0.633,29.031,958083072,913.70,0.00,0.0000,0.00,11
0.662,29.058,958111744,913.73,0.00,0.0000,0.00,12
0.690,28.274,958132224,913.75,0.00,0.0000,0.00,13
0.717,27.204,958160896,913.77,0.00,0.0000,0.00,14
0.746,28.358,958189568,913.80,0.00,0.0000,0.00,15
0.792,46.657,958230528,913.84,0.00,0.0000,0.00,16
0.822,29.711,958259200,913.87,0.00,0.0000,0.00,17
0.851,29.129,958291968,913.90,0.00,0.0000,0.00,18
0.880,29.122,958320640,913.93,0.00,0.0000,0.00,19
0.911,30.695,958476288,914.07,0.00,0.0000,0.00,20
0.939,28.016,958504960,914.10,0.00,0.0000,0.00,21
0.968,29.099,958525440,914.12,0.00,0.0000,0.00,22
0.998,29.486,958558208,914.15,0.00,0.0000,0.00,23
1.028,29.931,958582784,914.18,23.36,0.0000,0.00,24
1.058,30.017,958611456,914.20,23.36,0.0000,0.00,25
1.085,27.272,958636032,914.23,23.36,0.0000,0.00,26
1.113,27.907,958664704,914.25,23.36,0.0000,0.00,27
1.142,29.103,958693376,914.28,23.36,0.0000,0.00,28
1.171,29.440,958726144,914.31,23.36,0.0000,0.00,29
1.200,29.182,958885888,914.46,23.36,0.0000,0.00,30
1.229,28.455,958910464,914.49,23.36,0.0000,0.00,31
1.259,30.518,958939136,914.52,23.36,0.0000,0.00,32
1.288,28.946,958967808,914.54,23.36,0.0000,0.00,33
1.318,29.874,959012864,914.59,23.36,0.0000,0.00,34
1.348,29.541,959033344,914.61,23.36,0.0000,0.00,35
1.377,28.919,959062016,914.63,23.36,0.0000,0.00,36
1.405,28.659,959086592,914.66,23.36,0.0000,0.00,37
1.437,32.110,959119360,914.69,23.36,0.0000,0.00,38
1.468,30.790,959143936,914.71,23.36,0.0000,0.00,39
1.498,29.749,959172608,914.74,23.36,0.0000,0.00,40
1.526,28.353,959201280,914.77,23.36,0.0000,0.00,41
1.555,28.436,959225856,914.79,23.36,0.0000,0.00,42
1.584,29.470,959262720,914.82,23.36,0.0000,0.00,43
1.614,29.841,959287296,914.85,23.36,0.0000,0.00,44
1.644,30.273,959315968,914.88,23.36,0.0000,0.00,45
1.674,29.274,959340544,914.90,23.36,0.0000,0.00,46
1.702,28.806,959365120,914.92,23.36,0.0000,0.00,47
1.733,30.815,959389696,914.95,23.36,0.0000,0.00,48
1.762,29.149,959422464,914.98,23.36,0.0000,0.00,49
1.792,30.092,959447040,915.00,23.36,0.0000,0.00,50
1.823,30.547,959492096,915.04,23.36,0.0000,0.00,51
1.852,29.252,959520768,915.07,23.36,0.0000,0.00,52
1.881,28.612,959553536,915.10,23.36,0.0000,0.00,53
1.910,28.626,959574016,915.12,23.36,0.0000,0.00,54
1.938,28.108,959598592,915.14,23.36,0.0000,0.00,55
1.981,43.483,959627264,915.17,23.36,0.0000,0.00,56
2.016,35.160,959655936,915.20,23.36,0.0000,0.00,57
2.045,28.831,959688704,915.23,33.41,0.0000,0.00,58
2.074,28.797,959713280,915.25,33.41,0.0000,0.00,59
2.107,33.414,959741952,915.28,33.41,0.0000,0.00,60
2.137,29.919,959766528,915.30,33.41,0.0000,0.00,61
2.166,28.419,959795200,915.33,33.41,0.0000,0.00,62
2.194,27.851,959823872,915.36,33.41,0.0000,0.00,63
2.223,29.128,959852544,915.39,33.41,0.0000,0.00,64
2.250,27.580,959893504,915.43,33.41,0.0000,0.00,65
2.278,27.644,959922176,915.45,33.41,0.0000,0.00,66
2.305,27.449,959950848,915.48,33.41,0.0000,0.00,67
2.336,30.272,959991808,915.52,33.41,0.0000,0.00,68
2.366,30.025,960012288,915.54,33.41,0.0000,0.00,69
2.396,30.480,960036864,915.56,33.41,0.0000,0.00,70
2.426,29.454,960065536,915.59,33.41,0.0000,0.00,71
2.457,31.526,960094208,915.62,33.41,0.0000,0.00,72
2.487,29.925,960122880,915.64,33.41,0.0000,0.00,73
2.516,29.009,960155648,915.68,33.41,0.0000,0.00,74
2.545,28.832,960184320,915.70,33.41,0.0000,0.00,75
2.574,29.045,960204800,915.72,33.41,0.0000,0.00,76
2.602,28.191,960237568,915.75,33.41,0.0000,0.00,77
2.631,29.403,960266240,915.78,33.41,0.0000,0.00,78
2.660,28.100,960290816,915.80,33.41,0.0000,0.00,79
2.689,29.350,960319488,915.83,33.41,0.0000,0.00,80
2.719,30.173,960344064,915.86,33.41,0.0000,0.00,81
2.749,30.272,960372736,915.88,33.41,0.0000,0.00,82
2.778,28.333,960401408,915.91,33.41,0.0000,0.00,83
2.807,29.157,960430080,915.94,33.41,0.0000,0.00,84
2.836,29.214,960462848,915.97,33.41,0.0000,0.00,85
2.865,29.340,960495616,916.00,33.41,0.0000,0.00,86
2.896,30.242,960524288,916.03,33.41,0.0000,0.00,87
2.926,29.997,960552960,916.05,33.41,0.0000,0.00,88
2.956,30.276,960577536,916.08,33.41,0.0000,0.00,89
2.987,30.968,960610304,916.11,33.41,0.0000,0.00,90
3.017,29.910,960634880,916.13,33.41,0.0000,0.00,91
3.049,32.124,960663552,916.16,33.87,0.0000,0.00,92
3.078,29.267,960692224,916.19,33.87,0.0000,0.00,93
3.107,28.620,960716800,916.21,33.87,0.0000,0.00,94
3.136,28.839,960745472,916.24,33.87,0.0000,0.00,95
3.166,29.844,960765952,916.26,33.87,0.0000,0.00,96
3.194,28.596,960798720,916.29,33.87,0.0000,0.00,97
3.223,28.764,960831488,916.32,33.87,0.0000,0.00,98
3.251,28.176,960860160,916.35,33.87,0.0000,0.00,99
3.280,28.479,960884736,916.37,33.87,0.0000,0.00,100
3.308,28.803,960905216,916.39,33.87,0.0000,0.00,101
3.340,31.212,960950272,916.43,33.87,0.0000,0.00,102
3.368,28.869,960978944,916.46,33.87,0.0000,0.00,103
3.397,28.629,961003520,916.48,33.87,0.0000,0.00,104
3.426,28.945,961032192,916.51,33.87,0.0000,0.00,105
3.454,28.092,961060864,916.54,33.87,0.0000,0.00,106
3.484,29.984,961085440,916.56,33.87,0.0000,0.00,107
3.513,28.974,961114112,916.59,33.87,0.0000,0.00,108
3.541,27.874,961142784,916.62,33.87,0.0000,0.00,109
3.571,29.668,961302528,916.77,33.87,0.0000,0.00,110
3.600,29.183,961327104,916.79,33.87,0.0000,0.00,111
3.630,30.168,961359872,916.82,33.87,0.0000,0.00,112
3.659,29.142,961384448,916.85,33.87,0.0000,0.00,113
3.688,29.359,961413120,916.88,33.87,0.0000,0.00,114
3.716,27.577,961441792,916.90,33.87,0.0000,0.00,115
3.743,26.792,961466368,916.93,33.87,0.0000,0.00,116
3.771,28.655,961495040,916.95,33.87,0.0000,0.00,117
3.800,29.028,961523712,916.98,33.87,0.0000,0.00,118
3.829,28.214,961548288,917.00,33.87,0.0000,0.00,119
3.859,29.921,961585152,917.04,33.87,0.0000,0.00,120
3.887,28.512,961617920,917.07,33.87,0.0000,0.00,121
3.916,29.314,961646592,917.10,33.87,0.0000,0.00,122
3.946,29.201,961675264,917.13,33.87,0.0000,0.00,123
3.975,29.614,961699840,917.15,33.87,0.0000,0.00,124
4.004,28.770,961724416,917.17,33.87,0.0000,0.00,125
4.034,30.164,961753088,917.20,33.87,0.0000,0.00,126
4.064,29.608,961785856,917.23,34.49,0.0000,0.00,127
4.092,27.785,961880064,917.32,34.49,0.0000,0.00,128
4.123,31.725,961916928,917.36,34.49,0.0000,0.00,129
4.154,30.918,961945600,917.38,34.49,0.0000,0.00,130
4.183,28.963,961970176,917.41,34.49,0.0000,0.00,131
4.212,29.190,962007040,917.44,34.49,0.0000,0.00,132
4.242,29.410,962031616,917.46,34.49,0.0000,0.00,133
4.272,30.665,962060288,917.49,34.49,0.0000,0.00,134
4.310,37.087,962084864,917.52,34.49,0.0000,0.00,135
4.341,31.348,962113536,917.54,34.49,0.0000,0.00,136
4.372,30.736,962150400,917.58,34.49,0.0000,0.00,137
4.404,32.106,962187264,917.61,34.49,0.0000,0.00,138
4.433,29.090,962211840,917.64,34.49,0.0000,0.00,139
4.464,31.499,962240512,917.66,34.49,0.0000,0.00,140
4.496,31.605,962269184,917.69,34.49,0.0000,0.00,141
4.525,28.623,962293760,917.71,34.49,0.0000,0.00,142
4.560,35.115,962322432,917.74,34.49,0.0000,0.00,143
4.595,34.893,962347008,917.77,34.49,0.0000,0.00,144
4.628,33.296,962379776,917.80,34.49,0.0000,0.00,145
4.662,34.473,962404352,917.82,34.49,0.0000,0.00,146
4.695,32.724,962437120,917.85,34.49,0.0000,0.00,147
4.724,28.656,962461696,917.88,34.49,0.0000,0.00,148
4.753,29.455,962490368,917.90,34.49,0.0000,0.00,149
4.780,26.466,962519040,917.93,34.49,0.0000,0.00,150
4.806,26.607,962543616,917.95,34.49,0.0000,0.00,151
4.833,27.161,962572288,917.98,34.49,0.0000,0.00,152
4.863,29.679,962596864,918.00,34.49,0.0000,0.00,153
4.894,31.256,962637824,918.04,34.49,0.0000,0.00,154
4.923,28.490,962670592,918.07,34.49,0.0000,0.00,155
4.952,29.553,962699264,918.10,34.49,0.0000,0.00,156
4.983,30.654,962719744,918.12,34.49,0.0000,0.00,157
5.011,28.417,962748416,918.15,34.49,0.0000,0.00,158
5.039,27.598,962772992,918.17,34.49,0.0000,0.00,159
5.068,29.332,962801664,918.20,32.85,0.0000,0.00,160
5.095,26.979,962830336,918.23,32.85,0.0000,0.00,161
5.123,27.333,962863104,918.26,32.85,0.0000,0.00,162
5.150,27.539,962887680,918.28,32.85,0.0000,0.00,163
5.179,28.772,962916352,918.31,32.85,0.0000,0.00,164
5.207,28.262,962940928,918.33,32.85,0.0000,0.00,165
5.237,29.680,962969600,918.36,32.85,0.0000,0.00,166
5.265,28.560,962998272,918.39,32.85,0.0000,0.00,167
5.295,29.177,963022848,918.41,32.85,0.0000,0.00,168
5.323,28.248,963051520,918.44,32.85,0.0000,0.00,169
5.353,30.406,963080192,918.46,32.85,0.0000,0.00,170
5.383,30.000,963108864,918.49,32.85,0.0000,0.00,171
5.412,28.598,963145728,918.53,32.85,0.0000,0.00,172
5.442,30.490,963170304,918.55,32.85,0.0000,0.00,173
5.470,27.759,963198976,918.58,32.85,0.0000,0.00,174
5.499,28.774,963227648,918.61,32.85,0.0000,0.00,175
5.528,29.235,963256320,918.63,32.85,0.0000,0.00,176
5.556,27.813,963284992,918.66,32.85,0.0000,0.00,177
5.583,26.730,963309568,918.68,32.85,0.0000,0.00,178
5.612,29.025,963342336,918.71,32.85,0.0000,0.00,179
5.640,28.356,963366912,918.74,32.85,0.0000,0.00,180
5.668,28.318,963395584,918.77,32.85,0.0000,0.00,181
5.695,26.787,963424256,918.79,32.85,0.0000,0.00,182
5.723,27.885,963444736,918.81,32.85,0.0000,0.00,183
5.752,28.715,963473408,918.84,32.85,0.0000,0.00,184
5.780,28.463,963497984,918.86,32.85,0.0000,0.00,185
5.808,28.210,963526656,918.89,32.85,0.0000,0.00,186
5.839,30.225,963559424,918.92,32.85,0.0000,0.00,187
5.866,27.252,963592192,918.95,32.85,0.0000,0.00,188
5.893,26.958,963620864,918.98,32.85,0.0000,0.00,189
5.923,30.197,963670016,919.03,32.85,0.0000,0.00,190
5.953,29.929,963702784,919.06,32.85,0.0000,0.00,191
5.981,27.556,963735552,919.09,32.85,0.0000,0.00,192
6.010,29.612,963768320,919.12,32.85,0.0000,0.00,193
6.039,29.031,963801088,919.15,32.85,0.0000,0.00,194
6.069,29.713,963842048,919.19,34.98,0.0000,0.00,195
6.098,29.417,963870720,919.22,34.98,0.0000,0.00,196
6.127,28.705,963907584,919.25,34.98,0.0000,0.00,197
6.156,28.976,963940352,919.29,34.98,0.0000,0.00,198
6.185,28.459,963981312,919.32,34.98,0.0000,0.00,199
6.213,28.866,964145152,919.48,34.98,0.0000,0.00,200
6.244,30.383,964190208,919.52,34.98,0.0000,0.00,201
6.273,29.696,964235264,919.57,34.98,0.0000,0.00,202
6.300,26.839,964280320,919.61,34.98,0.0000,0.00,203
6.330,29.390,964333568,919.66,34.98,0.0000,0.00,204
6.359,29.360,964374528,919.70,34.98,0.0000,0.00,205
6.389,29.491,964419584,919.74,34.98,0.0000,0.00,206
6.421,32.231,964468736,919.79,34.98,0.0000,0.00,207
6.451,30.629,964521984,919.84,34.98,0.0000,0.00,208
6.484,32.781,964567040,919.88,34.98,0.0000,0.00,209
6.516,31.407,964620288,919.93,34.98,0.0000,0.00,210
6.543,27.321,964673536,919.98,34.98,0.0000,0.00,211
6.572,29.265,964718592,920.03,34.98,0.0000,0.00,212
6.602,29.417,964763648,920.07,34.98,0.0000,0.00,213
6.630,28.757,964812800,920.12,34.98,0.0000,0.00,214
6.659,28.516,964853760,920.16,34.98,0.0000,0.00,215
6.689,30.427,964902912,920.20,34.98,0.0000,0.00,216
6.717,27.933,964947968,920.25,34.98,0.0000,0.00,217
6.746,28.877,964988928,920.29,34.98,0.0000,0.00,218
6.774,28.284,965038080,920.33,34.98,0.0000,0.00,219
6.802,27.981,965083136,920.38,34.98,0.0000,0.00,220
6.831,28.232,965132288,920.42,34.98,0.0000,0.00,221
6.859,28.774,965177344,920.46,34.98,0.0000,0.00,222
6.889,29.590,965226496,920.51,34.98,0.0000,0.00,223
6.917,28.016,965275648,920.56,34.98,0.0000,0.00,224
6.946,29.095,965320704,920.60,34.98,0.0000,0.00,225
6.976,29.971,965378048,920.66,34.98,0.0000,0.00,226
7.007,30.767,965423104,920.70,34.98,0.0000,0.00,227
7.036,29.569,965472256,920.75,34.98,0.0000,0.00,228
7.065,29.128,965521408,920.79,34.98,0.0000,0.00,229
7.096,30.090,965570560,920.84,34.09,0.0000,0.00,230
7.126,29.918,965611520,920.88,34.09,0.0000,0.00,231
7.153,27.495,965652480,920.92,34.09,0.0000,0.00,232
7.180,27.155,965697536,920.96,34.09,0.0000,0.00,233
7.208,27.674,965746688,921.01,34.09,0.0000,0.00,234
7.237,29.559,965799936,921.06,34.09,0.0000,0.00,235
7.269,31.159,965844992,921.10,34.09,0.0000,0.00,236
7.298,29.035,965894144,921.15,34.09,0.0000,0.00,237
7.325,27.755,965939200,921.19,34.09,0.0000,0.00,238
7.354,28.754,965984256,921.23,34.09,0.0000,0.00,239
7.383,29.339,966029312,921.28,34.09,0.0000,0.00,240
7.413,29.177,966078464,921.32,34.09,0.0000,0.00,241
7.443,30.081,966119424,921.36,34.09,0.0000,0.00,242
7.471,28.537,966168576,921.41,34.09,0.0000,0.00,243
7.502,30.452,966225920,921.46,34.09,0.0000,0.00,244
7.531,29.277,966275072,921.51,34.09,0.0000,0.00,245
7.560,29.472,966320128,921.55,34.09,0.0000,0.00,246
7.589,28.463,966373376,921.61,34.09,0.0000,0.00,247
7.619,30.001,966418432,921.65,34.09,0.0000,0.00,248
7.649,29.918,966459392,921.69,34.09,0.0000,0.00,249
7.678,29.345,966508544,921.73,34.09,0.0000,0.00,250
7.706,27.502,966553600,921.78,34.09,0.0000,0.00,251
7.734,28.600,966598656,921.82,34.09,0.0000,0.00,252
7.762,27.918,966643712,921.86,34.09,0.0000,0.00,253
7.791,29.286,966688768,921.91,34.09,0.0000,0.00,254
7.822,30.701,966733824,921.95,34.09,0.0000,0.00,255
7.853,30.757,966918144,922.13,34.09,0.0000,0.00,256
7.883,29.871,966983680,922.19,34.09,0.0000,0.00,257
7.914,31.097,967032832,922.23,34.09,0.0000,0.00,258
7.943,29.464,967077888,922.28,34.09,0.0000,0.00,259
7.973,29.307,967258112,922.45,34.09,0.0000,0.00,260
8.003,30.023,967323648,922.51,34.09,0.0000,0.00,261
8.034,31.453,967364608,922.55,34.09,0.0000,0.00,262
8.063,29.341,967409664,922.59,34.09,0.0000,0.00,263
8.092,29.021,967458816,922.64,34.09,0.0000,0.00,264
8.124,31.788,967507968,922.69,34.02,0.0000,0.00,265
8.153,29.094,967553024,922.73,34.02,0.0000,0.00,266
8.185,31.333,967593984,922.77,34.02,0.0000,0.00,267
8.216,31.156,967634944,922.81,34.02,0.0000,0.00,268
8.247,30.860,967684096,922.86,34.02,0.0000,0.00,269
8.278,30.788,967745536,922.91,34.02,0.0000,0.00,270
8.308,30.282,967798784,922.96,34.02,0.0000,0.00,271
8.339,30.787,967860224,923.02,34.02,0.0000,0.00,272
8.368,29.368,967913472,923.07,34.02,0.0000,0.00,273
8.397,29.276,967962624,923.12,34.02,0.0000,0.00,274
8.428,30.472,968019968,923.18,34.02,0.0000,0.00,275
8.458,30.193,968073216,923.23,34.02,0.0000,0.00,276
8.487,29.607,968130560,923.28,34.02,0.0000,0.00,277
8.517,29.982,968196096,923.34,34.02,0.0000,0.00,278
8.547,29.615,968253440,923.40,34.02,0.0000,0.00,279
8.579,31.889,968310784,923.45,34.02,0.0000,0.00,280
8.608,29.307,968368128,923.51,34.02,0.0000,0.00,281
8.639,30.684,968417280,923.55,34.02,0.0000,0.00,282
8.668,29.131,968474624,923.61,34.02,0.0000,0.00,283
8.697,29.215,968536064,923.67,34.02,0.0000,0.00,284
8.729,31.809,968601600,923.73,34.02,0.0000,0.00,285
8.760,30.509,968654848,923.78,34.02,0.0000,0.00,286
8.790,30.262,968708096,923.83,34.02,0.0000,0.00,287
8.821,31.025,968769536,923.89,34.02,0.0000,0.00,288
8.862,41.206,968826880,923.95,34.02,0.0000,0.00,289
8.895,33.182,968888320,924.00,34.02,0.0000,0.00,290
8.924,28.915,968933376,924.05,34.02,0.0000,0.00,291
8.953,29.023,968994816,924.11,34.02,0.0000,0.00,292
8.982,28.812,969060352,924.17,34.02,0.0000,0.00,293
9.010,27.831,969113600,924.22,34.02,0.0000,0.00,294
9.038,28.514,969187328,924.29,34.02,0.0000,0.00,295
9.067,28.983,969248768,924.35,34.02,0.0000,0.00,296
9.097,29.477,969297920,924.39,34.02,0.0000,0.00,297
9.128,30.867,969355264,924.45,32.89,0.0000,0.00,298
9.162,34.741,969412608,924.50,32.89,0.0000,0.00,299
9.193,30.114,969478144,924.57,32.89,0.0000,0.00,300
9.222,29.375,969539584,924.63,32.89,0.0000,0.00,301
9.251,29.509,969592832,924.68,32.89,0.0000,0.00,302
9.281,29.370,969654272,924.73,32.89,0.0000,0.00,303
9.310,29.006,969703424,924.78,32.89,0.0000,0.00,304
9.339,29.378,969764864,924.84,32.89,0.0000,0.00,305
9.369,29.816,969822208,924.89,32.89,0.0000,0.00,306
9.399,30.017,969875456,924.95,32.89,0.0000,0.00,307
9.430,30.714,969945088,925.01,32.89,0.0000,0.00,308
9.460,30.035,969998336,925.06,32.89,0.0000,0.00,309
9.489,28.801,970059776,925.12,32.89,0.0000,0.00,310
9.517,28.880,970108928,925.17,32.89,0.0000,0.00,311
9.549,31.857,970178560,925.23,32.89,0.0000,0.00,312
9.581,31.912,970231808,925.29,32.89,0.0000,0.00,313
9.611,29.415,970297344,925.35,32.89,0.0000,0.00,314
9.641,30.584,970358784,925.41,32.89,0.0000,0.00,315
9.679,37.947,970424320,925.47,32.89,0.0000,0.00,316
9.709,29.869,970469376,925.51,32.89,0.0000,0.00,317
9.738,29.130,970530816,925.57,32.89,0.0000,0.00,318
9.768,29.387,970584064,925.62,32.89,0.0000,0.00,319
9.798,30.430,970645504,925.68,32.89,0.0000,0.00,320
9.828,29.821,970706944,925.74,32.89,0.0000,0.00,321
9.857,29.380,970760192,925.79,32.89,0.0000,0.00,322
9.888,31.139,970817536,925.84,32.89,0.0000,0.00,323
9.918,29.986,970874880,925.90,32.89,0.0000,0.00,324
9.947,29.147,970944512,925.96,32.89,0.0000,0.00,325
9.977,29.837,970993664,926.01,32.89,0.0000,0.00,326
10.007,29.878,971055104,926.07,32.89,0.0000,0.00,327
10.036,28.326,971112448,926.13,32.89,0.0000,0.00,328
10.066,30.004,971190272,926.20,32.89,0.0000,0.00,329
10.099,32.966,971374592,926.38,32.89,0.0000,0.00,330
10.131,32.187,971440128,926.44,32.90,0.0000,0.00,331
10.160,29.246,971497472,926.49,32.90,0.0000,0.00,332
10.188,27.998,971550720,926.54,32.90,0.0000,0.00,333
10.216,28.495,971612160,926.60,32.90,0.0000,0.00,334
10.246,29.930,971673600,926.66,32.90,0.0000,0.00,335
10.280,33.868,971726848,926.71,32.90,0.0000,0.00,336
10.308,27.938,971780096,926.76,32.90,0.0000,0.00,337
10.338,30.037,971845632,926.82,32.90,0.0000,0.00,338
10.367,29.127,971907072,926.88,32.90,0.0000,0.00,339
10.397,29.607,971976704,926.95,32.90,0.0000,0.00,340
10.425,27.861,972025856,927.00,32.90,0.0000,0.00,341
10.471,46.315,972079104,927.05,32.90,0.0000,0.00,342
10.499,27.969,972136448,927.10,32.90,0.0000,0.00,343
10.528,29.398,972197888,927.16,32.90,0.0000,0.00,344
10.561,32.116,972267520,927.23,32.90,0.0000,0.00,345
10.590,29.469,972337152,927.29,32.90,0.0000,0.00,346
10.619,28.887,972386304,927.34,32.90,0.0000,0.00,347
10.647,28.256,972443648,927.39,32.90,0.0000,0.00,348
10.675,27.362,972505088,927.45,32.90,0.0000,0.00,349
10.703,28.888,972566528,927.51,32.90,0.0000,0.00,350
10.732,28.523,972632064,927.57,32.90,0.0000,0.00,351
10.761,29.041,972677120,927.62,32.90,0.0000,0.00,352
10.788,27.042,972742656,927.68,32.90,0.0000,0.00,353
10.819,30.859,972800000,927.73,32.90,0.0000,0.00,354
10.850,31.248,972865536,927.80,32.90,0.0000,0.00,355
10.879,28.968,972922880,927.85,32.90,0.0000,0.00,356
10.907,27.991,972984320,927.91,32.90,0.0000,0.00,357
10.935,28.290,973045760,927.97,32.90,0.0000,0.00,358
10.964,28.750,973094912,928.02,32.90,0.0000,0.00,359
10.994,29.466,973160448,928.08,32.90,0.0000,0.00,360
11.021,27.429,973217792,928.13,32.90,0.0000,0.00,361
11.050,29.383,973279232,928.19,32.90,0.0000,0.00,362
11.080,29.604,973340672,928.25,32.90,0.0000,0.00,363
11.111,30.522,973418496,928.32,32.90,0.0000,0.00,364
11.143,32.202,973479936,928.38,33.59,0.0000,0.00,365
11.172,28.827,973541376,928.44,33.59,0.0000,0.00,366
11.200,28.191,973598720,928.50,33.59,0.0000,0.00,367
11.228,28.373,973664256,928.56,33.59,0.0000,0.00,368
11.257,28.395,973729792,928.62,33.59,0.0000,0.00,369
11.286,29.890,973787136,928.68,33.59,0.0000,0.00,370
11.315,28.223,973852672,928.74,33.59,0.0000,0.00,371
11.346,31.214,973910016,928.79,33.59,0.0000,0.00,372
11.377,30.603,973975552,928.86,33.59,0.0000,0.00,373
11.407,30.551,974045184,928.92,33.59,0.0000,0.00,374
11.437,29.501,974102528,928.98,33.59,0.0000,0.00,375
11.468,30.962,974159872,929.03,33.59,0.0000,0.00,376
11.497,29.538,974233600,929.10,33.59,0.0000,0.00,377
11.527,29.925,974286848,929.15,33.59,0.0000,0.00,378
11.554,27.094,974344192,929.21,33.59,0.0000,0.00,379
11.584,29.841,974417920,929.28,33.59,0.0000,0.00,380
11.614,29.716,974503936,929.36,33.59,0.0000,0.00,381
11.643,29.506,974553088,929.41,33.59,0.0000,0.00,382
11.672,28.848,974622720,929.47,33.59,0.0000,0.00,383
11.701,29.008,974684160,929.53,33.59,0.0000,0.00,384
11.729,28.257,974741504,929.59,33.59,0.0000,0.00,385
11.759,29.324,974811136,929.65,33.59,0.0000,0.00,386
11.808,49.917,974868480,929.71,33.59,0.0000,0.00,387
11.839,30.686,974934016,929.77,33.59,0.0000,0.00,388
11.870,30.529,974999552,929.83,33.59,0.0000,0.00,389
11.901,30.835,975069184,929.90,33.59,0.0000,0.00,390
11.932,31.131,975122432,929.95,33.59,0.0000,0.00,391
11.961,29.312,975187968,930.01,33.59,0.0000,0.00,392
11.991,30.385,975249408,930.07,33.59,0.0000,0.00,393
12.019,28.102,975310848,930.13,33.59,0.0000,0.00,394
12.048,28.785,975380480,930.20,33.59,0.0000,0.00,395
12.077,29.155,975433728,930.25,33.59,0.0000,0.00,396
12.119,41.695,975515648,930.32,33.59,0.0000,0.00,397
12.150,31.395,975572992,930.38,32.75,0.0000,0.00,398
12.180,29.139,975642624,930.45,32.75,0.0000,0.00,399
12.211,31.503,975704064,930.50,32.75,0.0000,0.00,400
12.241,29.705,975769600,930.57,32.75,0.0000,0.00,401
12.270,28.986,975831040,930.63,32.75,0.0000,0.00,402
12.299,29.403,975900672,930.69,32.75,0.0000,0.00,403
12.328,29.137,975958016,930.75,32.75,0.0000,0.00,404
12.360,31.460,976019456,930.80,32.75,0.0000,0.00,405
12.388,28.339,976080896,930.86,32.75,0.0000,0.00,406
12.417,28.899,976138240,930.92,32.75,0.0000,0.00,407
12.446,29.095,976207872,930.98,32.75,0.0000,0.00,408
12.477,31.186,976265216,931.04,32.75,0.0000,0.00,409
12.507,29.741,976338944,931.11,32.75,0.0000,0.00,410
12.536,28.965,976396288,931.16,32.75,0.0000,0.00,411
12.565,28.447,976474112,931.24,32.75,0.0000,0.00,412
12.593,28.940,976556032,931.32,32.75,0.0000,0.00,413
12.623,29.991,976642048,931.40,32.75,0.0000,0.00,414
12.653,29.167,976711680,931.46,32.75,0.0000,0.00,415
12.681,28.820,976793600,931.54,32.75,0.0000,0.00,416
12.710,28.390,976863232,931.61,32.75,0.0000,0.00,417
12.738,28.581,976945152,931.69,32.75,0.0000,0.00,418
12.766,27.429,977018880,931.76,32.75,0.0000,0.00,419
12.795,29.048,977100800,931.84,32.75,0.0000,0.00,420
12.824,28.649,977170432,931.90,32.75,0.0000,0.00,421
12.852,28.287,977281024,932.01,32.75,0.0000,0.00,422
12.882,29.710,977379328,932.10,32.75,0.0000,0.00,423
12.910,28.613,977448960,932.17,32.75,0.0000,0.00,424
12.938,27.630,977526784,932.24,32.75,0.0000,0.00,425
12.967,29.735,977616896,932.33,32.75,0.0000,0.00,426
12.996,28.475,977702912,932.41,32.75,0.0000,0.00,427
13.024,28.173,977772544,932.48,32.75,0.0000,0.00,428
13.054,29.577,977854464,932.55,32.75,0.0000,0.00,429
13.085,31.301,977932288,932.63,32.75,0.0000,0.00,430
13.113,28.092,978006016,932.70,32.75,0.0000,0.00,431
13.146,33.031,978100224,932.79,32.75,0.0000,0.00,432
13.176,30.201,978182144,932.87,34.12,0.0000,0.00,433
13.206,29.231,978247680,932.93,34.12,0.0000,0.00,434
13.235,29.152,978321408,933.00,34.12,0.0000,0.00,435
13.265,30.449,978403328,933.08,34.12,0.0000,0.00,436
13.296,30.660,978468864,933.14,34.12,0.0000,0.00,437
13.324,28.182,978546688,933.21,34.12,0.0000,0.00,438
13.352,28.216,978620416,933.29,34.12,0.0000,0.00,439
13.384,31.578,978694144,933.36,34.12,0.0000,0.00,440
13.412,28.237,978771968,933.43,34.12,0.0000,0.00,441
13.441,29.372,978849792,933.50,34.12,0.0000,0.00,442
13.471,29.597,978939904,933.59,34.12,0.0000,0.00,443
13.499,28.341,979013632,933.66,34.12,0.0000,0.00,444
13.529,29.403,979087360,933.73,34.12,0.0000,0.00,445
13.558,28.893,979152896,933.79,34.12,0.0000,0.00,446
13.587,29.102,979226624,933.86,34.12,0.0000,0.00,447
13.616,29.315,979300352,933.93,34.12,0.0000,0.00,448
13.644,28.413,979382272,934.01,34.12,0.0000,0.00,449
13.677,32.216,979460096,934.09,34.12,0.0000,0.00,450
13.711,33.844,979542016,934.16,34.12,0.0000,0.00,451
13.744,33.033,979615744,934.23,34.12,0.0000,0.00,452
13.773,29.009,979689472,934.30,34.12,0.0000,0.00,453
13.802,29.790,979775488,934.39,34.12,0.0000,0.00,454
13.832,30.060,979857408,934.46,34.12,0.0000,0.00,455
13.862,29.817,979931136,934.54,34.12,0.0000,0.00,456
13.892,29.874,979996672,934.60,34.12,0.0000,0.00,457
13.922,29.958,980074496,934.67,34.12,0.0000,0.00,458
13.950,28.417,980152320,934.75,34.12,0.0000,0.00,459
13.980,29.910,980221952,934.81,34.12,0.0000,0.00,460
14.009,28.415,980295680,934.88,34.12,0.0000,0.00,461
14.039,30.013,980369408,934.95,34.12,0.0000,0.00,462
14.068,28.758,980439040,935.02,34.12,0.0000,0.00,463
14.097,28.928,980516864,935.09,34.12,0.0000,0.00,464
14.126,29.535,980594688,935.17,34.12,0.0000,0.00,465
14.156,30.035,980672512,935.24,34.12,0.0000,0.00,466
14.185,28.816,980766720,935.33,33.71,0.0000,0.00,467
14.217,32.288,980848640,935.41,33.71,0.0000,0.00,468
14.247,29.481,980922368,935.48,33.71,0.0000,0.00,469
14.278,31.766,980996096,935.55,33.71,0.0000,0.00,470
14.309,30.841,981069824,935.62,33.71,0.0000,0.00,471
14.339,29.466,981139456,935.69,33.71,0.0000,0.00,472
14.370,31.330,981217280,935.76,33.71,0.0000,0.00,473
14.400,30.340,981286912,935.83,33.71,0.0000,0.00,474
14.429,28.674,981368832,935.91,33.71,0.0000,0.00,475
14.460,30.475,981442560,935.98,33.71,0.0000,0.00,476
14.491,31.118,981516288,936.05,33.71,0.0000,0.00,477
14.520,29.722,981606400,936.13,33.71,0.0000,0.00,478
14.550,29.955,981676032,936.20,33.71,0.0000,0.00,479
14.579,28.943,981749760,936.27,33.71,0.0000,0.00,480
14.610,30.326,981819392,936.34,33.71,0.0000,0.00,481
14.637,27.126,981901312,936.41,33.71,0.0000,0.00,482
14.666,29.175,981970944,936.48,33.71,0.0000,0.00,483
14.699,32.658,982061056,936.57,33.71,0.0000,0.00,484
14.736,37.453,982138880,936.64,33.71,0.0000,0.00,485
14.764,28.236,982208512,936.71,33.71,0.0000,0.00,486
14.794,29.543,982286336,936.78,33.71,0.0000,0.00,487
14.825,30.770,982360064,936.85,33.71,0.0000,0.00,488
14.856,31.142,982441984,936.93,33.71,0.0000,0.00,489
14.885,29.416,982519808,937.00,33.71,0.0000,0.00,490
14.915,30.218,982597632,937.08,33.71,0.0000,0.00,491
14.945,29.586,982671360,937.15,33.71,0.0000,0.00,492
14.981,36.517,982740992,937.21,33.71,0.0000,0.00,493
15.010,28.582,982818816,937.29,33.71,0.0000,0.00,494
15.039,29.308,982892544,937.36,33.71,0.0000,0.00,495
15.069,29.282,982970368,937.43,33.71,0.0000,0.00,496
15.100,30.882,983044096,937.50,33.71,0.0000,0.00,497
15.130,30.936,983121920,937.58,33.71,0.0000,0.00,498
15.164,33.755,983195648,937.65,33.71,0.0000,0.00,499
15.196,32.114,983277568,937.73,32.63,0.0000,0.00,500
15.228,32.066,983371776,937.82,32.63,0.0000,0.00,501
15.261,32.412,983441408,937.88,32.63,0.0000,0.00,502
15.290,28.716,983515136,937.95,32.63,0.0000,0.00,503
15.318,28.672,983592960,938.03,32.63,0.0000,0.00,504
15.346,28.230,983666688,938.10,32.63,0.0000,0.00,505
15.376,29.648,983740416,938.17,32.63,0.0000,0.00,506
15.407,30.721,983818240,938.24,32.63,0.0000,0.00,507
15.436,29.229,983887872,938.31,32.63,0.0000,0.00,508
15.465,28.970,983965696,938.38,32.63,0.0000,0.00,509
15.495,29.967,984039424,938.45,32.63,0.0000,0.00,510
15.524,28.829,984109056,938.52,32.63,0.0000,0.00,511
15.554,29.731,984391680,938.79,32.63,0.0000,0.00,512
15.583,29.369,984506368,938.90,32.63,0.0000,0.00,513
15.613,29.844,984584192,938.97,32.63,0.0000,0.00,514
15.641,28.339,984662016,939.05,32.63,0.0000,0.00,515
15.670,29.196,984735744,939.12,32.63,0.0000,0.00,516
15.700,29.871,984805376,939.18,32.63,0.0000,0.00,517
15.730,30.344,984895488,939.27,32.63,0.0000,0.00,518
15.762,31.747,984969216,939.34,32.63,0.0000,0.00,519
15.791,29.202,985055232,939.42,32.63,0.0000,0.00,520
15.821,29.166,985133056,939.50,32.63,0.0000,0.00,521
15.850,29.190,985194496,939.55,32.63,0.0000,0.00,522
15.878,28.063,985276416,939.63,32.63,0.0000,0.00,523
15.909,30.970,985354240,939.71,32.63,0.0000,0.00,524
15.944,35.174,985423872,939.77,32.63,0.0000,0.00,525
15.976,31.560,985501696,939.85,32.63,0.0000,0.00,526
16.005,29.796,985587712,939.93,32.63,0.0000,0.00,527
16.035,30.089,985657344,940.00,32.63,0.0000,0.00,528
16.067,31.312,985735168,940.07,32.63,0.0000,0.00,529
16.098,30.979,985808896,940.14,32.63,0.0000,0.00,530
16.132,34.399,985886720,940.21,32.63,0.0000,0.00,531
16.161,28.916,985964544,940.29,32.63,0.0000,0.00,532
16.193,31.483,986030080,940.35,32.63,0.0000,0.00,533
16.223,30.282,986103808,940.42,33.12,0.0000,0.00,534
16.255,32.196,986193920,940.51,33.12,0.0000,0.00,535
16.284,29.220,986271744,940.58,33.12,0.0000,0.00,536
16.314,29.946,986353664,940.66,33.12,0.0000,0.00,537
16.345,30.541,986427392,940.73,33.12,0.0000,0.00,538
16.375,29.836,986505216,940.80,33.12,0.0000,0.00,539
16.408,33.451,986574848,940.87,33.12,0.0000,0.00,540
16.439,30.877,986652672,940.95,33.12,0.0000,0.00,541
16.472,33.109,986730496,941.02,33.12,0.0000,0.00,542
16.503,31.169,986804224,941.09,33.12,0.0000,0.00,543
16.532,28.913,986882048,941.16,33.12,0.0000,0.00,544
16.561,28.843,986947584,941.23,33.12,0.0000,0.00,545
16.590,29.409,987025408,941.30,33.12,0.0000,0.00,546
16.619,28.486,987103232,941.38,33.12,0.0000,0.00,547
16.646,27.441,987172864,941.44,33.12,0.0000,0.00,548
16.675,28.930,987250688,941.52,33.12,0.0000,0.00,549
16.706,30.697,987328512,941.59,33.12,0.0000,0.00,550
16.735,28.925,987398144,941.66,33.12,0.0000,0.00,551
16.780,45.023,987500544,941.75,33.12,0.0000,0.00,552
16.810,30.330,987574272,941.82,33.12,0.0000,0.00,553
16.838,28.034,987643904,941.89,33.12,0.0000,0.00,554
16.868,30.273,987725824,941.97,33.12,0.0000,0.00,555
16.900,32.007,987803648,942.04,33.12,0.0000,0.00,556
16.932,31.284,987869184,942.11,33.12,0.0000,0.00,557
16.963,31.019,987947008,942.18,33.12,0.0000,0.00,558
16.993,29.752,988028928,942.26,33.12,0.0000,0.00,559
17.023,30.086,988102656,942.33,33.12,0.0000,0.00,560
17.052,29.762,988176384,942.40,33.12,0.0000,0.00,561
17.084,31.343,988250112,942.47,33.12,0.0000,0.00,562
17.113,29.596,988332032,942.55,33.12,0.0000,0.00,563
17.143,29.620,988401664,942.61,33.12,0.0000,0.00,564
17.173,29.718,988475392,942.68,33.12,0.0000,0.00,565
17.215,41.961,988557312,942.76,33.12,0.0000,0.00,566
17.244,29.886,988626944,942.83,32.30,0.0000,0.00,567
17.276,31.033,988704768,942.90,32.30,0.0000,0.00,568
17.306,30.154,988794880,942.99,32.30,0.0000,0.00,569
17.337,31.294,988876800,943.07,32.30,0.0000,0.00,570
17.367,29.864,988946432,943.13,32.30,0.0000,0.00,571
17.397,30.393,989020160,943.20,32.30,0.0000,0.00,572
17.430,32.596,989097984,943.28,32.30,0.0000,0.00,573
17.459,29.595,989171712,943.35,32.30,0.0000,0.00,574
17.490,30.918,989249536,943.42,32.30,0.0000,0.00,575
17.522,31.200,989327360,943.50,32.30,0.0000,0.00,576
17.552,30.175,989396992,943.56,32.30,0.0000,0.00,577
17.587,35.301,989470720,943.63,32.30,0.0000,0.00,578
17.616,28.639,989552640,943.71,32.30,0.0000,0.00,579
17.646,30.573,989626368,943.78,32.30,0.0000,0.00,580
17.678,31.788,989716480,943.87,32.30,0.0000,0.00,581
17.706,28.277,989782016,943.93,32.30,0.0000,0.00,582
17.734,27.647,989855744,944.00,32.30,0.0000,0.00,583
17.764,29.898,989925376,944.07,32.30,0.0000,0.00,584
17.797,33.491,990003200,944.14,32.30,0.0000,0.00,585
17.831,34.128,990101504,944.23,32.30,0.0000,0.00,586
17.866,34.548,990175232,944.30,32.30,0.0000,0.00,587
17.898,31.700,990248960,944.38,32.30,0.0000,0.00,588
17.931,33.397,990322688,944.45,32.30,0.0000,0.00,589
17.963,32.108,990404608,944.52,32.30,0.0000,0.00,590
17.996,33.190,990478336,944.59,32.30,0.0000,0.00,591
18.030,33.378,990556160,944.67,32.30,0.0000,0.00,592
18.063,33.287,990621696,944.73,32.30,0.0000,0.00,593
18.093,30.303,990707712,944.81,32.30,0.0000,0.00,594
18.127,33.407,990777344,944.88,32.30,0.0000,0.00,595
18.159,32.049,990859264,944.96,32.30,0.0000,0.00,596
18.191,32.081,990924800,945.02,32.30,0.0000,0.00,597
18.222,31.578,990998528,945.09,32.30,0.0000,0.00,598
18.255,32.772,991076352,945.16,31.66,0.0000,0.00,599
18.288,32.316,991158272,945.24,31.66,0.0000,0.00,600
18.320,32.329,991236096,945.32,31.66,0.0000,0.00,601
18.354,34.116,991330304,945.41,31.66,0.0000,0.00,602
18.385,31.425,991395840,945.47,31.66,0.0000,0.00,603
18.415,29.407,991473664,945.54,31.66,0.0000,0.00,604
18.445,30.362,991551488,945.62,31.66,0.0000,0.00,605
18.477,31.747,991625216,945.69,31.66,0.0000,0.00,606
18.509,31.609,991715328,945.77,31.66,0.0000,0.00,607
18.538,29.728,991842304,945.89,31.66,0.0000,0.00,608
18.568,29.670,991916032,945.96,31.66,0.0000,0.00,609
18.599,31.541,991993856,946.04,31.66,0.0000,0.00,610
18.630,30.143,992075776,946.12,31.66,0.0000,0.00,611
18.658,28.350,992153600,946.19,31.66,0.0000,0.00,612
18.687,29.388,992223232,946.26,31.66,0.0000,0.00,613
18.717,29.157,992296960,946.33,31.66,0.0000,0.00,614
18.750,33.477,992370688,946.40,31.66,0.0000,0.00,615
18.781,30.751,992452608,946.48,31.66,0.0000,0.00,616
18.812,31.374,992522240,946.54,31.66,0.0000,0.00,617
18.843,30.424,992600064,946.62,31.66,0.0000,0.00,618
18.879,36.443,992686080,946.70,31.66,0.0000,0.00,619
18.913,34.208,992772096,946.78,31.66,0.0000,0.00,620
18.940,26.762,992841728,946.85,31.66,0.0000,0.00,621
18.971,30.955,992919552,946.92,31.66,0.0000,0.00,622
19.002,31.165,992985088,946.98,31.66,0.0000,0.00,623
19.033,30.771,993067008,947.06,31.66,0.0000,0.00,624
19.063,30.135,993148928,947.14,31.66,0.0000,0.00,625
19.092,28.601,993214464,947.20,31.66,0.0000,0.00,626
19.124,32.405,993292288,947.28,31.66,0.0000,0.00,627
19.155,30.497,993361920,947.34,31.66,0.0000,0.00,628
19.185,30.034,993447936,947.43,31.66,0.0000,0.00,629
19.217,32.430,993554432,947.53,31.66,0.0000,0.00,630
19.250,33.286,993656832,947.63,31.66,0.0000,0.00,631
19.280,29.612,993738752,947.70,32.21,0.0000,0.00,632
19.309,29.290,993837056,947.80,32.21,0.0000,0.00,633
19.338,29.084,993931264,947.89,32.21,0.0000,0.00,634
19.366,27.820,994025472,947.98,32.21,0.0000,0.00,635
19.396,29.645,994144256,948.09,32.21,0.0000,0.00,636
19.438,41.870,994242560,948.18,32.21,0.0000,0.00,637
19.470,32.410,994344960,948.28,32.21,0.0000,0.00,638
19.503,32.752,994430976,948.36,32.21,0.0000,0.00,639
19.536,32.914,994533376,948.46,32.21,0.0000,0.00,640
19.565,28.948,994635776,948.56,32.21,0.0000,0.00,641
19.597,32.798,994734080,948.65,32.21,0.0000,0.00,642
19.628,30.777,994820096,948.73,32.21,0.0000,0.00,643
19.663,35.273,994922496,948.83,32.21,0.0000,0.00,644
19.699,35.267,995016704,948.92,32.21,0.0000,0.00,645
19.729,30.652,995110912,949.01,32.21,0.0000,0.00,646
19.762,32.878,995205120,949.10,32.21,0.0000,0.00,647
19.796,34.023,995303424,949.20,32.21,0.0000,0.00,648
19.827,30.600,995397632,949.29,32.21,0.0000,0.00,649
19.858,30.713,995504128,949.39,32.21,0.0000,0.00,650
19.890,32.639,995598336,949.48,32.21,0.0000,0.00,651
19.926,35.619,995717120,949.59,32.21,0.0000,0.00,652
19.962,35.724,995803136,949.67,32.21,0.0000,0.00,653
19.993,31.778,995901440,949.77,32.21,0.0000,0.00,654
20.026,32.432,995999744,949.86,32.21,0.0000,0.00,655
20.056,30.314,996093952,949.95,32.21,0.0000,0.00,656
20.087,31.105,996188160,950.04,32.21,0.0000,0.00,657
20.117,30.118,996278272,950.13,32.21,0.0000,0.00,658
20.149,31.446,996380672,950.22,32.21,0.0000,0.00,659
20.179,30.441,996478976,950.32,32.21,0.0000,0.00,660
20.211,31.369,996585472,950.42,32.21,0.0000,0.00,661
20.240,29.228,996675584,950.50,32.21,0.0000,0.00,662
20.271,30.804,996765696,950.59,32.21,0.0000,0.00,663
20.300,29.325,996872192,950.69,31.37,0.0000,0.00,664
20.328,28.471,996966400,950.78,31.37,0.0000,0.00,665
20.358,29.724,997068800,950.88,31.37,0.0000,0.00,666
20.389,31.250,997158912,950.96,31.37,0.0000,0.00,667
20.419,29.794,997249024,951.05,31.37,0.0000,0.00,668
20.451,31.987,997359616,951.16,31.37,0.0000,0.00,669
20.484,32.879,997457920,951.25,31.37,0.0000,0.00,670
20.514,29.729,997548032,951.34,31.37,0.0000,0.00,671
20.542,28.236,997658624,951.44,31.37,0.0000,0.00,672
20.572,30.033,997748736,951.53,31.37,0.0000,0.00,673
20.604,31.947,997871616,951.64,31.37,0.0000,0.00,674
20.638,33.737,997974016,951.74,31.37,0.0000,0.00,675
20.670,32.791,998150144,951.91,31.37,0.0000,0.00,676
20.702,31.450,998260736,952.02,31.37,0.0000,0.00,677
20.733,31.382,998363136,952.11,31.37,0.0000,0.00,678
20.766,32.342,998465536,952.21,31.37,0.0000,0.00,679
20.798,32.335,998563840,952.30,31.37,0.0000,0.00,680
20.830,32.064,998662144,952.40,31.37,0.0000,0.00,681
20.862,31.611,998748160,952.48,31.37,0.0000,0.00,682
20.892,30.491,998850560,952.58,31.37,0.0000,0.00,683
20.926,33.504,998944768,952.67,31.37,0.0000,0.00,684
20.960,34.607,999071744,952.79,31.37,0.0000,0.00,685
20.994,33.300,999165952,952.88,31.37,0.0000,0.00,686
21.024,30.698,999260160,952.97,31.37,0.0000,0.00,687
21.055,31.029,999346176,953.05,31.37,0.0000,0.00,688
21.088,32.707,999448576,953.15,31.37,0.0000,0.00,689
21.120,31.588,999546880,953.24,31.37,0.0000,0.00,690
21.153,33.321,999636992,953.33,31.37,0.0000,0.00,691
21.186,33.232,999739392,953.43,31.37,0.0000,0.00,692
21.229,43.324,999829504,953.51,31.37,0.0000,0.00,693
21.263,33.978,999931904,953.61,31.37,0.0000,0.00,694
21.295,31.621,1000026112,953.70,31.37,0.0000,0.00,695
21.329,34.046,1000140800,953.81,31.09,0.0000,0.00,696
21.364,34.543,1000235008,953.90,31.09,0.0000,0.00,697
21.397,33.421,1000329216,953.99,31.09,0.0000,0.00,698
21.427,30.209,1000423424,954.08,31.09,0.0000,0.00,699
21.456,28.332,1000525824,954.18,31.09,0.0000,0.00,700
21.487,31.681,1000640512,954.29,31.09,0.0000,0.00,701
21.520,32.246,1000747008,954.39,31.09,0.0000,0.00,702
21.550,30.080,1000857600,954.49,31.09,0.0000,0.00,703
21.579,29.628,1000951808,954.58,31.09,0.0000,0.00,704
21.614,34.782,1001050112,954.68,31.09,0.0000,0.00,705
21.646,31.946,1001148416,954.77,31.09,0.0000,0.00,706
21.679,32.858,1001267200,954.88,31.09,0.0000,0.00,707
21.710,31.244,1001361408,954.97,31.09,0.0000,0.00,708
21.740,29.937,1001472000,955.08,31.09,0.0000,0.00,709
21.773,32.844,1001570304,955.17,31.09,0.0000,0.00,710
21.804,31.513,1001672704,955.27,31.09,0.0000,0.00,711
21.835,30.172,1001771008,955.36,31.09,0.0000,0.00,712
21.866,31.364,1001865216,955.45,31.09,0.0000,0.00,713
21.895,29.461,1001975808,955.56,31.09,0.0000,0.00,714
21.930,34.619,1002074112,955.65,31.09,0.0000,0.00,715
21.960,30.345,1002180608,955.75,31.09,0.0000,0.00,716
21.992,31.854,1002295296,955.86,31.09,0.0000,0.00,717
22.026,34.143,1002397696,955.96,31.09,0.0000,0.00,718
22.065,39.121,1002508288,956.07,31.09,0.0000,0.00,719
22.097,31.174,1002618880,956.17,31.09,0.0000,0.00,720
22.127,30.853,1002708992,956.26,31.09,0.0000,0.00,721
22.159,31.307,1002811392,956.36,31.09,0.0000,0.00,722
22.204,44.881,1002917888,956.46,31.09,0.0000,0.00,723
22.237,33.664,1003032576,956.57,31.09,0.0000,0.00,724
22.269,31.878,1003130880,956.66,31.09,0.0000,0.00,725
22.301,32.058,1003229184,956.75,31.09,0.0000,0.00,726
22.332,30.738,1003319296,956.84,30.91,0.0000,0.00,727
22.364,32.138,1003417600,956.93,30.91,0.0000,0.00,728
22.394,30.097,1003532288,957.04,30.91,0.0000,0.00,729
22.425,31.224,1003630592,957.14,30.91,0.0000,0.00,730
22.461,35.554,1003745280,957.25,30.91,0.0000,0.00,731
22.500,38.878,1003864064,957.36,30.91,0.0000,0.00,732
22.541,41.551,1003962368,957.45,30.91,0.0000,0.00,733
22.575,33.274,1004056576,957.54,30.91,0.0000,0.00,734
22.610,35.617,1004167168,957.65,30.91,0.0000,0.00,735
22.644,34.012,1004273664,957.75,30.91,0.0000,0.00,736
22.678,33.598,1004371968,957.84,30.91,0.0000,0.00,737
22.711,33.310,1004470272,957.94,30.91,0.0000,0.00,738
22.745,33.761,1004572672,958.04,30.91,0.0000,0.00,739
22.778,32.814,1004670976,958.13,30.91,0.0000,0.00,740
22.818,39.739,1004773376,958.23,30.91,0.0000,0.00,741
22.851,33.496,1004888064,958.34,30.91,0.0000,0.00,742
22.885,33.727,1004986368,958.43,30.91,0.0000,0.00,743
22.919,34.153,1005088768,958.53,30.91,0.0000,0.00,744
22.949,30.493,1005195264,958.63,30.91,0.0000,0.00,745
22.983,33.193,1005301760,958.73,30.91,0.0000,0.00,746
23.021,38.174,1005408256,958.83,30.91,0.0000,0.00,747
23.056,34.955,1005522944,958.94,30.91,0.0000,0.00,748
23.088,32.194,1005625344,959.04,30.91,0.0000,0.00,749
23.120,32.265,1005723648,959.13,30.91,0.0000,0.00,750
23.153,32.477,1005826048,959.23,30.91,0.0000,0.00,751
23.185,32.169,1005932544,959.33,30.91,0.0000,0.00,752
23.219,34.425,1006030848,959.43,30.91,0.0000,0.00,753
23.253,33.343,1006129152,959.52,30.91,0.0000,0.00,754
23.285,32.670,1006235648,959.62,30.91,0.0000,0.00,755
23.317,31.790,1006342144,959.72,30.91,0.0000,0.00,756
23.348,31.339,1006444544,959.82,29.52,0.0000,0.00,757
23.385,36.084,1006542848,959.91,29.52,0.0000,0.00,758
23.416,31.268,1006649344,960.02,29.52,0.0000,0.00,759
23.447,31.219,1006743552,960.11,29.52,0.0000,0.00,760
23.477,29.566,1006850048,960.21,29.52,0.0000,0.00,761
23.511,33.962,1006960640,960.31,29.52,0.0000,0.00,762
23.543,32.669,1007075328,960.42,29.52,0.0000,0.00,763
23.575,31.389,1007169536,960.51,29.52,0.0000,0.00,764
23.617,42.091,1007280128,960.62,29.52,0.0000,0.00,765
23.647,30.769,1007374336,960.71,29.52,0.0000,0.00,766
23.678,30.068,1007484928,960.81,29.52,0.0000,0.00,767
23.708,30.577,1007591424,960.91,29.52,0.0000,0.00,768
23.738,30.253,1007730688,961.05,29.52,0.0000,0.00,769
23.770,32.031,1007841280,961.15,29.52,0.0000,0.00,770
23.800,29.430,1007939584,961.25,29.52,0.0000,0.00,771
23.831,31.503,1008041984,961.34,29.52,0.0000,0.00,772
23.863,32.027,1008140288,961.44,29.52,0.0000,0.00,773
23.892,28.786,1008250880,961.54,29.52,0.0000,0.00,774
23.920,27.788,1008345088,961.63,29.52,0.0000,0.00,775
23.952,32.404,1008451584,961.73,29.52,0.0000,0.00,776
23.982,29.966,1008553984,961.83,29.52,0.0000,0.00,777
24.015,32.459,1008656384,961.93,29.52,0.0000,0.00,778
24.048,33.533,1008771072,962.04,29.52,0.0000,0.00,779
24.082,33.485,1008877568,962.14,29.52,0.0000,0.00,780
24.110,28.498,1008984064,962.24,29.52,0.0000,0.00,781
24.140,30.000,1009086464,962.34,29.52,0.0000,0.00,782
24.170,29.776,1009184768,962.43,29.52,0.0000,0.00,783
24.199,28.965,1009287168,962.53,29.52,0.0000,0.00,784
24.230,31.012,1009385472,962.63,29.52,0.0000,0.00,785
24.262,31.972,1009487872,962.72,29.52,0.0000,0.00,786
24.294,31.548,1009598464,962.83,29.52,0.0000,0.00,787
24.325,31.330,1009696768,962.92,29.52,0.0000,0.00,788
24.358,32.747,1009790976,963.01,31.71,0.0000,0.00,789
24.391,33.530,1009893376,963.11,31.71,0.0000,0.00,790
24.422,30.851,1010016256,963.23,31.71,0.0000,0.00,791
24.466,43.971,1010122752,963.33,31.71,0.0000,0.00,792
24.500,34.102,1010225152,963.43,31.71,0.0000,0.00,793
24.531,30.821,1010331648,963.53,31.71,0.0000,0.00,794
24.564,33.502,1010466816,963.66,31.71,0.0000,0.00,795
24.598,33.459,1010577408,963.76,31.71,0.0000,0.00,796
24.630,31.919,1010683904,963.86,31.71,0.0000,0.00,797
24.661,30.779,1010810880,963.98,31.71,0.0000,0.00,798
24.692,31.260,1010905088,964.07,31.71,0.0000,0.00,799
24.725,33.016,1011019776,964.18,31.71,0.0000,0.00,800
24.755,30.452,1011130368,964.29,31.71,0.0000,0.00,801
24.785,30.055,1011236864,964.39,31.71,0.0000,0.00,802
24.818,32.293,1011339264,964.49,31.71,0.0000,0.00,803
24.848,30.383,1011462144,964.61,31.71,0.0000,0.00,804
24.878,30.081,1011564544,964.70,31.71,0.0000,0.00,805
24.908,30.057,1011675136,964.81,31.71,0.0000,0.00,806
24.938,29.610,1011789824,964.92,31.71,0.0000,0.00,807
24.969,31.188,1011937280,965.06,31.71,0.0000,0.00,808
24.999,29.976,1012097024,965.21,31.71,0.0000,0.00,809
25.029,29.696,1012228096,965.34,31.71,0.0000,0.00,810
25.058,29.488,1012363264,965.46,31.71,0.0000,0.00,811
25.101,42.544,1012518912,965.61,31.71,0.0000,0.00,812
25.136,35.626,1012662272,965.75,31.71,0.0000,0.00,813
25.167,30.415,1012793344,965.88,31.71,0.0000,0.00,814
25.196,29.533,1012928512,966.00,31.71,0.0000,0.00,815
25.227,30.816,1013067776,966.14,31.71,0.0000,0.00,816
25.259,31.763,1013215232,966.28,31.71,0.0000,0.00,817
25.289,30.349,1013346304,966.40,31.71,0.0000,0.00,818
25.321,31.406,1013493760,966.54,31.71,0.0000,0.00,819
25.352,31.871,1013616640,966.66,31.71,0.0000,0.00,820
25.383,30.550,1013768192,966.80,31.21,0.0000,0.00,821
25.415,31.881,1013899264,966.93,31.21,0.0000,0.00,822
25.446,31.282,1014034432,967.06,31.21,0.0000,0.00,823
25.489,42.930,1014181888,967.20,31.21,0.0000,0.00,824
25.521,32.148,1014312960,967.32,31.21,0.0000,0.00,825
25.553,31.336,1014460416,967.46,31.21,0.0000,0.00,826
25.584,31.826,1014599680,967.60,31.21,0.0000,0.00,827
25.618,33.604,1014751232,967.74,31.21,0.0000,0.00,828
25.653,34.894,1014890496,967.88,31.21,0.0000,0.00,829
25.685,31.733,1015037952,968.02,31.21,0.0000,0.00,830
25.714,29.195,1015177216,968.15,31.21,0.0000,0.00,831
25.744,30.280,1015316480,968.28,31.21,0.0000,0.00,832
25.772,28.057,1015451648,968.41,31.21,0.0000,0.00,833
25.802,29.698,1015582720,968.54,31.21,0.0000,0.00,834
25.835,32.813,1015717888,968.66,31.21,0.0000,0.00,835
25.866,31.194,1015861248,968.80,31.21,0.0000,0.00,836
25.899,32.746,1016000512,968.93,31.21,0.0000,0.00,837
25.930,31.554,1016135680,969.06,31.21,0.0000,0.00,838
25.961,30.900,1016266752,969.19,31.21,0.0000,0.00,839
25.994,32.469,1016418304,969.33,31.21,0.0000,0.00,840
26.026,32.899,1016557568,969.46,31.21,0.0000,0.00,841
26.058,32.053,1016696832,969.60,31.21,0.0000,0.00,842
26.102,43.915,1016848384,969.74,31.21,0.0000,0.00,843
26.137,34.646,1016991744,969.88,31.21,0.0000,0.00,844
26.172,35.045,1017139200,970.02,31.21,0.0000,0.00,845
26.206,33.855,1017270272,970.14,31.21,0.0000,0.00,846
26.238,32.323,1017417728,970.29,31.21,0.0000,0.00,847
26.272,33.902,1017552896,970.41,31.21,0.0000,0.00,848
26.306,33.640,1017683968,970.54,31.21,0.0000,0.00,849
26.354,47.920,1017839616,970.69,31.21,0.0000,0.00,850
26.390,36.320,1017970688,970.81,29.79,0.0000,0.00,851
26.421,31.124,1018109952,970.95,29.79,0.0000,0.00,852
26.453,32.129,1018245120,971.07,29.79,0.0000,0.00,853
26.486,33.178,1018392576,971.21,29.79,0.0000,0.00,854
26.519,32.501,1018527744,971.34,29.79,0.0000,0.00,855
26.550,31.010,1018667008,971.48,29.79,0.0000,0.00,856
26.580,30.450,1018798080,971.60,29.79,0.0000,0.00,857
26.609,28.964,1018970112,971.77,29.79,0.0000,0.00,858
26.644,34.613,1019138048,971.93,29.79,0.0000,0.00,859
26.679,35.252,1019281408,972.06,29.79,0.0000,0.00,860
26.714,34.888,1019424768,972.20,29.79,0.0000,0.00,861
26.748,33.593,1019559936,972.33,29.79,0.0000,0.00,862
26.778,30.511,1019707392,972.47,29.79,0.0000,0.00,863
26.809,30.447,1019830272,972.59,29.79,0.0000,0.00,864
26.839,30.102,1019973632,972.72,29.79,0.0000,0.00,865
26.873,34.378,1020125184,972.87,29.79,0.0000,0.00,866
26.906,33.290,1020256256,972.99,29.79,0.0000,0.00,867
26.938,31.736,1020399616,973.13,29.79,0.0000,0.00,868
26.972,33.619,1020542976,973.27,29.79,0.0000,0.00,869
27.006,34.359,1020674048,973.39,29.79,0.0000,0.00,870
27.039,32.649,1020817408,973.53,29.79,0.0000,0.00,871
27.068,29.584,1020964864,973.67,29.79,0.0000,0.00,872
27.098,29.955,1021100032,973.80,29.79,0.0000,0.00,873
27.131,32.161,1021231104,973.92,29.79,0.0000,0.00,874
27.163,32.746,1021399040,974.08,29.79,0.0000,0.00,875
27.195,31.693,1021530112,974.21,29.79,0.0000,0.00,876
27.225,30.336,1021652992,974.32,29.79,0.0000,0.00,877
27.256,31.000,1021808640,974.47,29.79,0.0000,0.00,878
27.290,33.702,1021939712,974.60,29.79,0.0000,0.00,879
27.323,32.683,1022091264,974.74,29.79,0.0000,0.00,880
27.354,31.180,1022226432,974.87,29.79,0.0000,0.00,881
27.386,32.141,1022369792,975.01,29.79,0.0000,0.00,882
27.415,28.853,1022504960,975.14,31.22,0.0000,0.00,883
27.443,28.422,1022636032,975.26,31.22,0.0000,0.00,884
27.475,31.766,1022783488,975.40,31.22,0.0000,0.00,885
27.506,31.276,1022918656,975.53,31.22,0.0000,0.00,886
27.546,39.322,1023053824,975.66,31.22,0.0000,0.00,887
27.576,30.674,1023197184,975.80,31.22,0.0000,0.00,888
27.607,31.005,1023332352,975.93,31.22,0.0000,0.00,889
27.644,36.933,1023475712,976.06,31.22,0.0000,0.00,890
27.680,35.958,1023631360,976.21,31.22,0.0000,0.00,891
27.714,33.576,1023774720,976.35,31.22,0.0000,0.00,892
27.746,32.254,1023913984,976.48,31.22,0.0000,0.00,893
27.778,32.001,1024061440,976.62,31.22,0.0000,0.00,894
27.813,35.316,1024196608,976.75,31.22,0.0000,0.00,895
27.849,35.603,1024327680,976.88,31.22,0.0000,0.00,896
27.881,31.912,1024471040,977.01,31.22,0.0000,0.00,897
27.912,30.638,1024602112,977.14,31.22,0.0000,0.00,898
27.952,40.232,1024745472,977.27,31.22,0.0000,0.00,899
27.986,33.910,1024897024,977.42,31.22,0.0000,0.00,900
28.017,31.621,1025028096,977.54,31.22,0.0000,0.00,901
28.048,30.424,1025163264,977.67,31.22,0.0000,0.00,902
28.078,29.889,1025306624,977.81,31.22,0.0000,0.00,903
28.108,30.209,1025441792,977.94,31.22,0.0000,0.00,904
28.141,32.886,1025585152,978.07,31.22,0.0000,0.00,905
28.172,31.219,1025732608,978.21,31.22,0.0000,0.00,906
28.205,32.905,1025884160,978.36,31.22,0.0000,0.00,907
28.238,33.392,1026027520,978.50,31.22,0.0000,0.00,908
28.269,30.624,1026166784,978.63,31.22,0.0000,0.00,909
28.303,34.150,1026314240,978.77,31.22,0.0000,0.00,910
28.335,31.613,1026449408,978.90,31.22,0.0000,0.00,911
28.368,33.101,1026580480,979.02,31.22,0.0000,0.00,912
28.401,32.846,1026732032,979.17,31.22,0.0000,0.00,913
28.433,32.553,1026859008,979.29,30.44,0.0000,0.00,914
28.465,31.761,1027006464,979.43,30.44,0.0000,0.00,915
28.499,34.076,1027145728,979.56,30.44,0.0000,0.00,916
28.532,33.508,1027284992,979.70,30.44,0.0000,0.00,917
28.564,31.676,1027424256,979.83,30.44,0.0000,0.00,918
28.598,33.883,1027551232,979.95,30.44,0.0000,0.00,919
28.631,32.838,1027731456,980.12,30.44,0.0000,0.00,920
28.685,53.792,1027985408,980.36,30.44,0.0000,0.00,921
28.723,37.883,1028153344,980.52,30.44,0.0000,0.00,922
28.755,32.964,1028288512,980.65,30.44,0.0000,0.00,923
28.787,31.792,1028427776,980.79,30.44,0.0000,0.00,924
28.825,37.578,1028571136,980.92,30.44,0.0000,0.00,925
28.856,30.782,1028702208,981.05,30.44,0.0000,0.00,926
28.890,34.147,1028853760,981.19,30.44,0.0000,0.00,927
28.922,32.577,1028988928,981.32,30.44,0.0000,0.00,928
28.952,29.308,1029115904,981.44,30.44,0.0000,0.00,929
28.984,31.876,1029263360,981.58,30.44,0.0000,0.00,930
29.018,34.143,1029406720,981.72,30.44,0.0000,0.00,931
29.051,32.844,1029550080,981.86,30.44,0.0000,0.00,932
29.081,30.899,1029677056,981.98,30.44,0.0000,0.00,933
29.116,34.844,1029820416,982.11,30.44,0.0000,0.00,934
29.150,34.130,1029955584,982.24,30.44,0.0000,0.00,935
29.181,30.262,1030082560,982.36,30.44,0.0000,0.00,936
29.211,29.985,1030230016,982.50,30.44,0.0000,0.00,937
29.246,35.292,1030402048,982.67,30.44,0.0000,0.00,938
29.281,34.678,1030537216,982.80,30.44,0.0000,0.00,939
29.314,33.230,1030672384,982.93,30.44,0.0000,0.00,940
29.348,34.297,1030819840,983.07,30.44,0.0000,0.00,941
29.381,32.670,1030950912,983.19,30.44,0.0000,0.00,942
29.418,37.139,1031086080,983.32,30.44,0.0000,0.00,943
29.451,33.473,1031225344,983.45,29.46,0.0000,0.00,944
29.484,32.550,1031368704,983.59,29.46,0.0000,0.00,945
29.517,32.939,1031507968,983.72,29.46,0.0000,0.00,946
29.548,31.348,1031647232,983.86,29.46,0.0000,0.00,947
29.579,30.664,1031786496,983.99,29.46,0.0000,0.00,948
29.612,32.814,1031929856,984.13,29.46,0.0000,0.00,949
29.647,35.227,1032073216,984.26,29.46,0.0000,0.00,950
29.680,33.413,1032224768,984.41,29.46,0.0000,0.00,951
29.715,34.355,1032359936,984.54,29.46,0.0000,0.00,952
29.750,35.181,1032511488,984.68,29.46,0.0000,0.00,953
29.787,36.981,1032650752,984.81,29.46,0.0000,0.00,954
29.820,33.321,1032790016,984.95,29.46,0.0000,0.00,955
29.851,31.089,1032929280,985.08,29.46,0.0000,0.00,956
29.882,30.668,1033060352,985.20,29.46,0.0000,0.00,957
29.913,31.113,1033195520,985.33,29.46,0.0000,0.00,958
29.946,32.917,1033322496,985.45,29.46,0.0000,0.00,959
29.978,32.223,1033482240,985.61,29.46,0.0000,0.00,960
30.009,31.245,1033621504,985.74,29.46,0.0000,0.00,961
30.043,33.069,1033764864,985.88,29.46,0.0000,0.00,962
30.082,39.615,1033904128,986.01,29.46,0.0000,0.00,963
30.114,32.250,1034035200,986.13,29.46,0.0000,0.00,964
30.148,33.208,1034174464,986.27,29.46,0.0000,0.00,965
30.185,37.427,1034313728,986.40,29.46,0.0000,0.00,966
30.217,32.212,1034465280,986.54,29.46,0.0000,0.00,967
30.253,35.462,1034612736,986.68,29.46,0.0000,0.00,968
30.291,37.837,1034747904,986.81,29.46,0.0000,0.00,969
30.326,35.489,1034891264,986.95,29.46,0.0000,0.00,970
30.359,32.938,1035026432,987.08,29.46,0.0000,0.00,971
30.393,33.889,1035173888,987.22,29.46,0.0000,0.00,972
30.424,30.940,1035321344,987.36,29.46,0.0000,0.00,973
30.459,35.329,1035456512,987.49,29.77,0.0000,0.00,974
30.493,33.367,1035599872,987.63,29.77,0.0000,0.00,975
30.522,29.887,1035730944,987.75,29.77,0.0000,0.00,976
30.557,34.798,1035874304,987.89,29.77,0.0000,0.00,977
30.590,32.990,1036005376,988.01,29.77,0.0000,0.00,978
30.623,33.117,1036148736,988.15,29.77,0.0000,0.00,979
30.656,32.356,1036296192,988.29,29.77,0.0000,0.00,980
30.685,29.475,1036410880,988.40,29.77,0.0000,0.00,981
30.717,32.214,1036554240,988.54,29.77,0.0000,0.00,982
30.757,39.823,1036726272,988.70,29.77,0.0000,0.00,983
30.789,31.942,1036873728,988.84,29.77,0.0000,0.00,984
30.822,33.213,1036992512,988.95,29.77,0.0000,0.00,985
30.871,49.040,1037144064,989.10,29.77,0.0000,0.00,986
30.906,34.849,1037291520,989.24,29.77,0.0000,0.00,987
30.939,33.207,1037426688,989.37,29.77,0.0000,0.00,988
30.974,34.608,1037561856,989.50,29.77,0.0000,0.00,989
31.007,32.751,1037701120,989.63,29.77,0.0000,0.00,990
31.040,33.602,1037840384,989.76,29.77,0.0000,0.00,991
31.074,33.441,1037979648,989.89,29.77,0.0000,0.00,992
31.106,32.469,1038118912,990.03,29.77,0.0000,0.00,993
31.139,32.499,1038254080,990.16,29.77,0.0000,0.00,994
31.174,34.734,1038401536,990.30,29.77,0.0000,0.00,995
31.205,31.953,1038544896,990.43,29.77,0.0000,0.00,996
31.240,34.516,1038684160,990.57,29.77,0.0000,0.00,997
31.275,35.485,1038831616,990.71,29.77,0.0000,0.00,998
31.311,35.170,1038979072,990.85,29.77,0.0000,0.00,999
31.350,39.071,1039114240,990.98,29.77,0.0000,0.00,1000
31.379,29.763,1039253504,991.11,29.77,0.0000,0.00,1001
31.419,39.550,1039388672,991.24,29.77,0.0000,0.00,1002
31.460,40.967,1039544320,991.39,28.98,0.0000,0.00,1003
31.497,37.244,1039675392,991.51,28.98,0.0000,0.00,1004
31.543,45.736,1039814656,991.64,28.98,0.0000,0.00,1005
31.582,38.931,1039962112,991.79,28.98,0.0000,0.00,1006
31.619,36.828,1040101376,991.92,28.98,0.0000,0.00,1007
31.651,32.585,1040277504,992.09,28.98,0.0000,0.00,1008
31.690,38.474,1040408576,992.21,28.98,0.0000,0.00,1009
31.729,38.883,1040683008,992.47,28.98,0.0000,0.00,1010
31.760,30.853,1040814080,992.60,28.98,0.0000,0.00,1011
31.796,36.263,1040977920,992.75,28.98,0.0000,0.00,1012
31.837,41.250,1041117184,992.89,28.98,0.0000,0.00,1013
31.877,40.281,1041264640,993.03,28.98,0.0000,0.00,1014
31.915,37.619,1041399808,993.16,28.98,0.0000,0.00,1015
31.948,33.446,1041526784,993.28,28.98,0.0000,0.00,1016
31.982,33.117,1041674240,993.42,28.98,0.0000,0.00,1017
32.014,32.342,1041817600,993.55,28.98,0.0000,0.00,1018
32.048,34.622,1041960960,993.69,28.98,0.0000,0.00,1019
32.085,36.453,1042092032,993.82,28.98,0.0000,0.00,1020
32.116,31.419,1042231296,993.95,28.98,0.0000,0.00,1021
32.146,29.889,1042370560,994.08,28.98,0.0000,0.00,1022
32.179,32.600,1042505728,994.21,28.98,0.0000,0.00,1023
32.216,37.346,1043001344,994.68,28.98,0.0000,0.00,1024
32.248,31.928,1043210240,994.88,28.98,0.0000,0.00,1025
32.285,36.517,1043345408,995.01,28.98,0.0000,0.00,1026
32.320,35.755,1043501056,995.16,28.98,0.0000,0.00,1027
32.352,31.875,1043636224,995.29,28.98,0.0000,0.00,1028
32.384,32.129,1043779584,995.43,28.98,0.0000,0.00,1029
32.417,32.180,1043931136,995.57,28.98,0.0000,0.00,1030
32.449,32.875,1044066304,995.70,28.98,0.0000,0.00,1031
32.483,33.510,1044205568,995.83,28.35,0.0000,0.00,1032
32.519,35.591,1044344832,995.96,28.35,0.0000,0.00,1033
32.554,35.050,1044488192,996.10,28.35,0.0000,0.00,1034
32.587,33.619,1044611072,996.22,28.35,0.0000,0.00,1035
32.619,31.882,1044770816,996.37,28.35,0.0000,0.00,1036
32.649,30.169,1044901888,996.50,28.35,0.0000,0.00,1037
32.683,33.583,1045045248,996.63,28.35,0.0000,0.00,1038
32.713,30.333,1045184512,996.77,28.35,0.0000,0.00,1039
32.746,33.179,1045319680,996.89,28.35,0.0000,0.00,1040
32.778,31.221,1045450752,997.02,28.35,0.0000,0.00,1041
32.812,34.067,1045590016,997.15,28.35,0.0000,0.00,1042
32.845,33.459,1045790720,997.34,28.35,0.0000,0.00,1043
32.890,44.790,1045925888,997.47,28.35,0.0000,0.00,1044
32.920,29.911,1046061056,997.60,28.35,0.0000,0.00,1045
32.953,32.980,1046204416,997.74,28.35,0.0000,0.00,1046
32.986,33.090,1046335488,997.86,28.35,0.0000,0.00,1047
33.020,33.670,1046482944,998.00,28.35,0.0000,0.00,1048
33.050,30.486,1046618112,998.13,28.35,0.0000,0.00,1049
33.085,34.645,1046765568,998.27,28.35,0.0000,0.00,1050
33.117,32.071,1046900736,998.40,28.35,0.0000,0.00,1051
33.149,32.121,1047040000,998.54,28.35,0.0000,0.00,1052
33.180,31.583,1047179264,998.67,28.35,0.0000,0.00,1053
33.211,30.993,1047318528,998.80,28.35,0.0000,0.00,1054
33.243,31.401,1047453696,998.93,28.35,0.0000,0.00,1055
33.274,31.209,1047592960,999.06,28.35,0.0000,0.00,1056
33.305,31.341,1047732224,999.20,28.35,0.0000,0.00,1057
33.337,31.122,1047871488,999.33,28.35,0.0000,0.00,1058
33.370,33.825,1048031232,999.48,28.35,0.0000,0.00,1059
33.405,34.689,1048170496,999.61,28.35,0.0000,0.00,1060
33.435,29.694,1048305664,999.74,28.35,0.0000,0.00,1061
33.465,30.116,1048449024,999.88,28.35,0.0000,0.00,1062
33.505,40.644,1048584192,1000.01,30.32,0.0000,0.00,1063
33.539,33.168,1048731648,1000.15,30.32,0.0000,0.00,1064
33.571,32.056,1048870912,1000.28,30.32,0.0000,0.00,1065
33.602,31.743,1048997888,1000.40,30.32,0.0000,0.00,1066
33.634,31.373,1049149440,1000.55,30.32,0.0000,0.00,1067
33.666,32.503,1049288704,1000.68,30.32,0.0000,0.00,1068
33.701,34.517,1049427968,1000.81,30.32,0.0000,0.00,1069
33.734,33.167,1049686016,1001.06,30.32,0.0000,0.00,1070
33.767,33.473,1049829376,1001.20,30.32,0.0000,0.00,1071
33.801,33.480,1049972736,1001.33,30.32,0.0000,0.00,1072
33.835,34.455,1050107904,1001.46,30.32,0.0000,0.00,1073
33.868,32.119,1050251264,1001.60,30.32,0.0000,0.00,1074
33.902,34.032,1050402816,1001.74,30.32,0.0000,0.00,1075
33.934,32.851,1050546176,1001.88,30.32,0.0000,0.00,1076
33.968,33.735,1050673152,1002.00,30.32,0.0000,0.00,1077
34.003,34.813,1050820608,1002.14,30.32,0.0000,0.00,1078
34.037,34.108,1050963968,1002.28,30.32,0.0000,0.00,1079
34.070,32.715,1051099136,1002.41,30.32,0.0000,0.00,1080
34.104,33.942,1051250688,1002.55,30.32,0.0000,0.00,1081
34.138,33.905,1051377664,1002.67,30.32,0.0000,0.00,1082
34.169,31.247,1051508736,1002.80,30.32,0.0000,0.00,1083
34.200,31.178,1051660288,1002.94,30.32,0.0000,0.00,1084
34.234,33.863,1051799552,1003.07,30.32,0.0000,0.00,1085
34.266,31.688,1051938816,1003.21,30.32,0.0000,0.00,1086
34.299,33.485,1052082176,1003.34,30.32,0.0000,0.00,1087
34.335,35.446,1052221440,1003.48,30.32,0.0000,0.00,1088
34.366,31.466,1052348416,1003.60,30.32,0.0000,0.00,1089
34.399,33.044,1052499968,1003.74,30.32,0.0000,0.00,1090
34.449,49.465,1052655616,1003.89,30.32,0.0000,0.00,1091
34.486,37.967,1052807168,1004.04,30.32,0.0000,0.00,1092
34.522,35.520,1052942336,1004.16,29.51,0.0000,0.00,1093
34.556,34.294,1053073408,1004.29,29.51,0.0000,0.00,1094
34.587,30.248,1053212672,1004.42,29.51,0.0000,0.00,1095
34.620,33.939,1053356032,1004.56,29.51,0.0000,0.00,1096
34.654,33.569,1053499392,1004.70,29.51,0.0000,0.00,1097
34.688,34.080,1053638656,1004.83,29.51,0.0000,0.00,1098
34.720,31.671,1053777920,1004.96,29.51,0.0000,0.00,1099
34.754,34.474,1053913088,1005.09,29.51,0.0000,0.00,1100
34.787,32.984,1054044160,1005.22,29.51,0.0000,0.00,1101
34.821,33.948,1054187520,1005.35,29.51,0.0000,0.00,1102
34.860,39.126,1054330880,1005.49,29.51,0.0000,0.00,1103
34.897,36.178,1054482432,1005.63,29.51,0.0000,0.00,1104
34.930,33.572,1054605312,1005.75,29.51,0.0000,0.00,1105
34.963,33.281,1054765056,1005.90,29.51,0.0000,0.00,1106
34.999,36.040,1054904320,1006.04,29.51,0.0000,0.00,1107
35.033,33.146,1055043584,1006.17,29.51,0.0000,0.00,1108
35.067,34.610,1055191040,1006.31,29.51,0.0000,0.00,1109
35.102,34.367,1055330304,1006.44,29.51,0.0000,0.00,1110
35.135,33.701,1055465472,1006.57,29.51,0.0000,0.00,1111
35.168,32.549,1055600640,1006.70,29.51,0.0000,0.00,1112
35.202,34.356,1055739904,1006.83,29.51,0.0000,0.00,1113
35.235,32.858,1055879168,1006.97,29.51,0.0000,0.00,1114
35.269,34.055,1056014336,1007.09,29.51,0.0000,0.00,1115
35.304,34.554,1056165888,1007.24,29.51,0.0000,0.00,1116
35.337,33.762,1056296960,1007.36,29.51,0.0000,0.00,1117
35.373,35.642,1056444416,1007.50,29.51,0.0000,0.00,1118
35.406,33.008,1056575488,1007.63,29.51,0.0000,0.00,1119
35.441,35.224,1056722944,1007.77,29.51,0.0000,0.00,1120
35.475,34.133,1056886784,1007.93,29.51,0.0000,0.00,1121
35.511,35.662,1057013760,1008.05,29.51,0.0000,0.00,1122
35.544,32.999,1057157120,1008.18,29.35,0.0000,0.00,1123
35.577,32.586,1057296384,1008.32,29.35,0.0000,0.00,1124
35.610,33.575,1057439744,1008.45,29.35,0.0000,0.00,1125
35.645,35.209,1057574912,1008.58,29.35,0.0000,0.00,1126
35.679,33.410,1057718272,1008.72,29.35,0.0000,0.00,1127
35.711,32.691,1057857536,1008.85,29.35,0.0000,0.00,1128
35.745,33.332,1057988608,1008.98,29.35,0.0000,0.00,1129
35.778,33.406,1058136064,1009.12,29.35,0.0000,0.00,1130
35.813,34.839,1058275328,1009.25,29.35,0.0000,0.00,1131
35.848,34.595,1058414592,1009.38,29.35,0.0000,0.00,1132
35.880,32.447,1058553856,1009.52,29.35,0.0000,0.00,1133
35.914,33.957,1058693120,1009.65,29.35,0.0000,0.00,1134
35.947,32.865,1058832384,1009.78,29.35,0.0000,0.00,1135
35.984,37.512,1058979840,1009.92,29.35,0.0000,0.00,1136
36.020,35.184,1059131392,1010.07,29.35,0.0000,0.00,1137
36.054,34.537,1059270656,1010.20,29.35,0.0000,0.00,1138
36.087,32.433,1059405824,1010.33,29.35,0.0000,0.00,1139
36.122,35.443,1059553280,1010.47,29.35,0.0000,0.00,1140
36.157,34.882,1059692544,1010.60,29.35,0.0000,0.00,1141
36.191,34.331,1059823616,1010.73,29.35,0.0000,0.00,1142
36.225,34.183,1059954688,1010.85,29.35,0.0000,0.00,1143
36.271,45.678,1060110336,1011.00,29.35,0.0000,0.00,1144
36.304,32.471,1060249600,1011.13,29.35,0.0000,0.00,1145
36.339,35.902,1060392960,1011.27,29.35,0.0000,0.00,1146
36.374,34.098,1060532224,1011.40,29.35,0.0000,0.00,1147
36.407,33.129,1060675584,1011.54,29.35,0.0000,0.00,1148
36.444,37.064,1060810752,1011.67,29.35,0.0000,0.00,1149
36.485,41.708,1060978688,1011.83,29.35,0.0000,0.00,1150
36.522,36.172,1061109760,1011.95,29.35,0.0000,0.00,1151
36.556,34.264,1061253120,1012.09,28.66,0.0000,0.00,1152
36.591,35.282,1061376000,1012.21,28.66,0.0000,0.00,1153
36.626,34.613,1061523456,1012.35,28.66,0.0000,0.00,1154
36.659,33.568,1061658624,1012.48,28.66,0.0000,0.00,1155
36.698,38.349,1061797888,1012.61,28.66,0.0000,0.00,1156
36.733,35.154,1061941248,1012.75,28.66,0.0000,0.00,1157
36.779,46.581,1062088704,1012.89,28.66,0.0000,0.00,1158
36.812,32.572,1062227968,1013.02,28.66,0.0000,0.00,1159
36.845,32.575,1062510592,1013.29,28.66,0.0000,0.00,1160
36.880,35.683,1062637568,1013.41,28.66,0.0000,0.00,1161
36.916,36.147,1062772736,1013.54,28.66,0.0000,0.00,1162
37.250,333.333,900001792,858.31,28.66,0.0000,0.00,1163
37.296,45.790,900001792,858.31,28.66,0.0000,0.00,1164
37.338,42.655,900001792,858.31,28.66,0.0000,0.00,1165
37.381,43.181,900001792,858.31,28.66,0.0000,0.00,1166
37.426,44.657,900001792,858.31,28.66,0.0000,0.00,1167
37.469,43.036,900001792,858.31,28.66,0.0000,0.00,1168
37.513,43.502,900001792,858.31,28.66,0.0000,0.00,1169
37.552,39.274,900001792,858.31,28.66,0.0000,0.00,1170
37.595,42.845,900001792,858.31,18.29,0.0000,0.00,1171
37.630,34.863,900001792,858.31,18.29,0.0000,0.00,1172
37.685,55.754,900001792,858.31,18.29,0.0000,0.00,1173
37.725,39.232,900001792,858.31,18.29,0.0000,0.00,1174
37.765,40.876,900009984,858.32,18.29,0.0000,0.00,1175
37.810,44.161,900009984,858.32,18.29,0.0000,0.00,1176
37.848,38.403,900009984,858.32,18.29,0.0000,0.00,1177
37.887,38.922,900009984,858.32,18.29,0.0000,0.00,1178
37.922,35.360,900018176,858.32,18.29,0.0000,0.00,1179
37.955,33.051,900022272,858.33,18.29,0.0000,0.00,1180
37.987,31.513,900026368,858.33,18.29,0.0000,0.00,1181
38.019,31.963,900030464,858.34,18.29,0.0000,0.00,1182
38.051,31.846,900038656,858.34,18.29,0.0000,0.00,1183
38.089,38.802,900042752,858.35,18.29,0.0000,0.00,1184
38.129,39.068,900046848,858.35,18.29,0.0000,0.00,1185
38.166,37.262,900050944,858.36,18.29,0.0000,0.00,1186
38.204,38.217,900059136,858.36,18.29,0.0000,0.00,1187
38.240,35.505,900063232,858.37,18.29,0.0000,0.00,1188
38.277,37.961,900075520,858.38,18.29,0.0000,0.00,1189
38.322,44.076,900083712,858.39,18.29,0.0000,0.00,1190
38.360,38.530,900087808,858.39,18.29,0.0000,0.00,1191
38.398,38.175,900096000,858.40,18.29,0.0000,0.00,1192
38.437,38.281,900096000,858.40,18.29,0.0000,0.00,1193
38.475,38.155,900108288,858.41,18.29,0.0000,0.00,1194
38.514,38.819,900112384,858.41,18.29,0.0000,0.00,1195
38.551,37.546,900116480,858.42,18.29,0.0000,0.00,1196
38.588,37.264,900120576,858.42,18.29,0.0000,0.00,1197
38.628,40.051,900128768,858.43,26.12,0.0000,0.00,1198
38.668,39.665,900132864,858.43,26.12,0.0000,0.00,1199
38.709,40.464,900136960,858.44,26.12,0.0000,0.00,1200
38.745,36.286,900145152,858.45,26.12,0.0000,0.00,1201
38.782,37.115,900161536,858.46,26.12,0.0000,0.00,1202
38.823,41.460,900165632,858.46,26.12,0.0000,0.00,1203
38.862,38.400,900169728,858.47,26.12,0.0000,0.00,1204
38.901,39.681,900177920,858.48,26.12,0.0000,0.00,1205
38.940,38.861,900182016,858.48,26.12,0.0000,0.00,1206
38.977,36.257,900186112,858.48,26.12,0.0000,0.00,1207
39.008,31.880,900194304,858.49,26.12,0.0000,0.00,1208
39.041,32.255,900198400,858.50,26.12,0.0000,0.00,1209
39.075,34.229,900202496,858.50,26.12,0.0000,0.00,1210
39.108,33.530,900206592,858.50,26.12,0.0000,0.00,1211
39.141,32.456,900210688,858.51,26.12,0.0000,0.00,1212
39.171,30.503,900218880,858.52,26.12,0.0000,0.00,1213
39.205,33.173,900222976,858.52,26.12,0.0000,0.00,1214
39.237,32.683,900227072,858.52,26.12,0.0000,0.00,1215
39.266,29.202,900227072,858.52,26.12,0.0000,0.00,1216
39.299,32.825,900243456,858.54,26.12,0.0000,0.00,1217
39.333,33.449,900247552,858.54,26.12,0.0000,0.00,1218
39.365,32.445,900251648,858.55,26.12,0.0000,0.00,1219
39.398,32.529,900255744,858.55,26.12,0.0000,0.00,1220
39.428,30.479,900263936,858.56,26.12,0.0000,0.00,1221
39.459,31.137,900268032,858.56,26.12,0.0000,0.00,1222
39.502,42.218,900272128,858.57,26.12,0.0000,0.00,1223
39.534,32.007,900276224,858.57,26.12,0.0000,0.00,1224
39.565,31.906,900284416,858.58,26.12,0.0000,0.00,1225
39.598,32.142,900288512,858.58,26.12,0.0000,0.00,1226
39.630,31.989,900292608,858.59,28.96,0.0000,0.00,1227
39.661,30.944,900296704,858.59,28.96,0.0000,0.00,1228
39.691,30.926,900296704,858.59,28.96,0.0000,0.00,1229
39.723,31.295,900304896,858.60,28.96,0.0000,0.00,1230
39.756,33.582,900308992,858.60,28.96,0.0000,0.00,1231
39.788,31.650,900313088,858.61,28.96,0.0000,0.00,1232
39.821,33.003,900325376,858.62,28.96,0.0000,0.00,1233
39.853,32.264,900333568,858.63,28.96,0.0000,0.00,1234
39.885,31.395,900337664,858.63,28.96,0.0000,0.00,1235
39.919,34.311,900341760,858.63,28.96,0.0000,0.00,1236
39.951,31.688,900345856,858.64,28.96,0.0000,0.00,1237
39.986,35.293,900354048,858.64,28.96,0.0000,0.00,1238
40.020,34.011,900358144,858.65,28.96,0.0000,0.00,1239
40.054,33.831,900362240,858.65,28.96,0.0000,0.00,1240
40.087,33.332,900366336,858.66,28.96,0.0000,0.00,1241
40.119,31.810,900374528,858.66,28.96,0.0000,0.00,1242
40.152,32.605,900378624,858.67,28.96,0.0000,0.00,1243
40.184,32.364,900382720,858.67,28.96,0.0000,0.00,1244
40.215,31.353,900386816,858.68,28.96,0.0000,0.00,1245
40.247,31.863,900390912,858.68,28.96,0.0000,0.00,1246
40.279,32.013,900395008,858.68,28.96,0.0000,0.00,1247
40.310,30.980,900399104,858.69,28.96,0.0000,0.00,1248
40.344,33.505,900411392,858.70,28.96,0.0000,0.00,1249
40.381,37.171,900415488,858.70,28.96,0.0000,0.00,1250
40.412,30.923,900423680,858.71,28.96,0.0000,0.00,1251
40.444,31.836,900427776,858.71,28.96,0.0000,0.00,1252
40.476,32.016,900431872,858.72,28.96,0.0000,0.00,1253
40.508,32.260,900435968,858.72,28.96,0.0000,0.00,1254
40.539,31.622,900444160,858.73,28.96,0.0000,0.00,1255
40.571,31.636,900444160,858.73,28.96,0.0000,0.00,1256
40.604,33.178,900448256,858.73,28.96,0.0000,0.00,1257
40.637,32.669,900452352,858.74,30.77,0.0000,0.00,1258
40.671,33.631,900460544,858.75,30.77,0.0000,0.00,1259
40.704,32.942,900464640,858.75,30.77,0.0000,0.00,1260
40.735,31.887,900468736,858.75,30.77,0.0000,0.00,1261
40.768,33.047,900472832,858.76,30.77,0.0000,0.00,1262
40.797,28.792,900476928,858.76,30.77,0.0000,0.00,1263
40.828,30.994,900485120,858.77,30.77,0.0000,0.00,1264
40.864,35.684,900497408,858.78,30.77,0.0000,0.00,1265
40.899,34.695,900501504,858.79,30.77,0.0000,0.00,1266
40.935,36.234,900505600,858.79,30.77,0.0000,0.00,1267
40.973,37.896,900513792,858.80,30.77,0.0000,0.00,1268
41.008,35.626,900517888,858.80,30.77,0.0000,0.00,1269
41.043,34.386,900521984,858.80,30.77,0.0000,0.00,1270
41.075,32.325,900530176,858.81,30.77,0.0000,0.00,1271
41.107,32.179,900534272,858.82,30.77,0.0000,0.00,1272
41.140,33.239,900538368,858.82,30.77,0.0000,0.00,1273
41.172,31.977,900542464,858.82,30.77,0.0000,0.00,1274
41.205,32.500,900546560,858.83,30.77,0.0000,0.00,1275
41.242,36.701,900554752,858.84,30.77,0.0000,0.00,1276
41.275,33.706,900558848,858.84,30.77,0.0000,0.00,1277
41.308,32.196,900562944,858.84,30.77,0.0000,0.00,1278
41.340,32.565,900567040,858.85,30.77,0.0000,0.00,1279
41.376,35.521,900579328,858.86,30.77,0.0000,0.00,1280
41.407,31.583,900583424,858.86,30.77,0.0000,0.00,1281
41.438,30.517,900587520,858.87,30.77,0.0000,0.00,1282
41.470,32.303,900591616,858.87,30.77,0.0000,0.00,1283
41.503,33.055,900599808,858.88,30.77,0.0000,0.00,1284
41.537,33.505,900603904,858.88,30.77,0.0000,0.00,1285
41.568,31.456,900608000,858.89,30.77,0.0000,0.00,1286
41.600,31.765,900612096,858.89,30.77,0.0000,0.00,1287
41.633,33.190,900620288,858.90,30.77,0.0000,0.00,1288
41.669,36.463,900624384,858.90,30.02,0.0000,0.00,1289
41.703,33.010,900628480,858.91,30.02,0.0000,0.00,1290
41.737,34.384,900632576,858.91,30.02,0.0000,0.00,1291
41.770,33.411,900640768,858.92,30.02,0.0000,0.00,1292
41.802,31.957,900644864,858.92,30.02,0.0000,0.00,1293
41.834,31.644,900648960,858.93,30.02,0.0000,0.00,1294
41.866,31.828,900653056,858.93,30.02,0.0000,0.00,1295
41.900,34.249,900669440,858.95,30.02,0.0000,0.00,1296
41.933,33.308,900669440,858.95,30.02,0.0000,0.00,1297
41.966,32.772,900673536,858.95,30.02,0.0000,0.00,1298
41.999,32.457,900677632,858.95,30.02,0.0000,0.00,1299
42.034,35.359,900681728,858.96,30.02,0.0000,0.00,1300
42.066,32.145,900689920,858.96,30.02,0.0000,0.00,1301
42.100,34.123,900694016,858.97,30.02,0.0000,0.00,1302
42.131,31.017,900698112,858.97,30.02,0.0000,0.00,1303
42.164,32.735,900706304,858.98,30.02,0.0000,0.00,1304
42.195,31.575,900710400,858.98,30.02,0.0000,0.00,1305
42.229,33.747,900714496,858.99,30.02,0.0000,0.00,1306
42.262,32.774,900718592,858.99,30.02,0.0000,0.00,1307
42.295,33.108,900722688,859.00,30.02,0.0000,0.00,1308
42.327,32.146,900730880,859.00,30.02,0.0000,0.00,1309
42.362,34.540,900734976,859.01,30.02,0.0000,0.00,1310
42.394,32.106,900739072,859.01,30.02,0.0000,0.00,1311
42.427,32.802,900751360,859.02,30.02,0.0000,0.00,1312
42.458,31.604,900759552,859.03,30.02,0.0000,0.00,1313
42.491,32.737,900759552,859.03,30.02,0.0000,0.00,1314
42.525,33.508,900763648,859.04,30.02,0.0000,0.00,1315
42.556,31.301,900767744,859.04,30.02,0.0000,0.00,1316
42.588,32.267,900775936,859.05,30.02,0.0000,0.00,1317
42.621,33.291,900780032,859.05,30.02,0.0000,0.00,1318
42.655,34.075,900784128,859.05,30.02,0.0000,0.00,1319
42.688,33.029,900788224,859.06,30.42,0.0000,0.00,1320
42.723,34.074,900796416,859.07,30.42,0.0000,0.00,1321
42.755,32.681,900800512,859.07,30.42,0.0000,0.00,1322
42.788,32.470,900804608,859.07,30.42,0.0000,0.00,1323
42.819,31.536,900808704,859.08,30.42,0.0000,0.00,1324
42.851,31.331,900812800,859.08,30.42,0.0000,0.00,1325
42.883,32.486,900820992,859.09,30.42,0.0000,0.00,1326
42.915,31.599,900820992,859.09,30.42,0.0000,0.00,1327
42.946,31.429,900833280,859.10,30.42,0.0000,0.00,1328
42.985,38.415,900841472,859.11,30.42,0.0000,0.00,1329
43.018,33.616,900849664,859.12,30.42,0.0000,0.00,1330
43.052,34.242,900849664,859.12,30.42,0.0000,0.00,1331
43.085,32.790,900853760,859.12,30.42,0.0000,0.00,1332
43.118,32.819,900857856,859.13,30.42,0.0000,0.00,1333
43.152,34.100,900866048,859.13,30.42,0.0000,0.00,1334
43.187,34.617,900870144,859.14,30.42,0.0000,0.00,1335
43.221,33.817,900874240,859.14,30.42,0.0000,0.00,1336
43.251,30.771,900878336,859.14,30.42,0.0000,0.00,1337
43.284,32.267,900886528,859.15,30.42,0.0000,0.00,1338
43.316,32.829,900890624,859.16,30.42,0.0000,0.00,1339
43.350,33.427,900894720,859.16,30.42,0.0000,0.00,1340
43.381,31.540,900898816,859.16,30.42,0.0000,0.00,1341
43.415,33.245,900907008,859.17,30.42,0.0000,0.00,1342
43.449,34.388,900919296,859.18,30.42,0.0000,0.00,1343
43.482,32.600,900923392,859.19,30.42,0.0000,0.00,1344
43.513,31.493,900927488,859.19,30.42,0.0000,0.00,1345
43.545,32.269,900935680,859.20,30.42,0.0000,0.00,1346
43.578,32.585,900939776,859.20,30.42,0.0000,0.00,1347
43.611,32.712,900939776,859.20,30.42,0.0000,0.00,1348
43.645,34.468,900943872,859.21,30.42,0.0000,0.00,1349
43.679,33.893,900947968,859.21,30.42,0.0000,0.00,1350
43.711,31.566,900956160,859.22,30.33,0.0000,0.00,1351
43.744,33.710,900960256,859.22,30.33,0.0000,0.00,1352
43.780,35.445,900964352,859.23,30.33,0.0000,0.00,1353
43.813,33.342,900968448,859.23,30.33,0.0000,0.00,1354
43.844,31.205,900976640,859.24,30.33,0.0000,0.00,1355
43.877,32.757,900980736,859.24,30.33,0.0000,0.00,1356
43.912,34.883,900984832,859.25,30.33,0.0000,0.00,1357
43.942,30.423,900988928,859.25,30.33,0.0000,0.00,1358
43.976,33.725,901005312,859.27,30.33,0.0000,0.00,1359
44.009,32.987,901009408,859.27,30.33,0.0000,0.00,1360
44.043,33.457,901013504,859.27,30.33,0.0000,0.00,1361
44.076,33.356,901017600,859.28,30.33,0.0000,0.00,1362
44.109,33.362,901025792,859.29,30.33,0.0000,0.00,1363
44.140,30.308,901029888,859.29,30.33,0.0000,0.00,1364
44.172,32.954,901029888,859.29,30.33,0.0000,0.00,1365
44.205,32.528,901033984,859.29,30.33,0.0000,0.00,1366
44.238,33.116,901042176,859.30,30.33,0.0000,0.00,1367
44.273,34.881,901050368,859.31,30.33,0.0000,0.00,1368
44.306,33.220,901050368,859.31,30.33,0.0000,0.00,1369
44.341,34.591,901054464,859.31,30.33,0.0000,0.00,1370
44.372,31.195,901062656,859.32,30.33,0.0000,0.00,1371
44.405,32.598,901066752,859.32,30.33,0.0000,0.00,1372
44.435,30.658,901070848,859.33,30.33,0.0000,0.00,1373
44.468,32.606,901074944,859.33,30.33,0.0000,0.00,1374
44.502,34.542,901091328,859.35,30.33,0.0000,0.00,1375
44.535,32.324,901095424,859.35,30.33,0.0000,0.00,1376
44.566,31.075,901099520,859.36,30.33,0.0000,0.00,1377
44.597,30.940,901099520,859.36,30.33,0.0000,0.00,1378
44.628,31.377,901103616,859.36,30.33,0.0000,0.00,1379
44.661,32.853,901111808,859.37,30.33,0.0000,0.00,1380
44.693,32.393,901115904,859.37,30.33,0.0000,0.00,1381
44.727,34.094,901120000,859.38,30.48,0.0000,0.00,1382
44.759,31.051,901124096,859.38,30.48,0.0000,0.00,1383
44.791,32.719,901132288,859.39,30.48,0.0000,0.00,1384
44.825,34.017,901136384,859.39,30.48,0.0000,0.00,1385
44.857,32.005,901140480,859.39,30.48,0.0000,0.00,1386
44.890,32.709,901144576,859.40,30.48,0.0000,0.00,1387
44.922,31.722,901152768,859.41,30.48,0.0000,0.00,1388
44.957,35.108,901156864,859.41,30.48,0.0000,0.00,1389
44.994,36.956,901160960,859.41,30.48,0.0000,0.00,1390
45.032,38.570,901173248,859.43,30.48,0.0000,0.00,1391
45.069,36.927,901181440,859.43,30.48,0.0000,0.00,1392
45.102,32.917,901185536,859.44,30.48,0.0000,0.00,1393
45.135,32.849,901189632,859.44,30.48,0.0000,0.00,1394
45.169,34.445,901193728,859.45,30.48,0.0000,0.00,1395
45.202,32.420,901201920,859.45,30.48,0.0000,0.00,1396
45.234,31.707,901206016,859.46,30.48,0.0000,0.00,1397
45.266,32.364,901210112,859.46,30.48,0.0000,0.00,1398
45.299,33.068,901210112,859.46,30.48,0.0000,0.00,1399
45.335,35.564,901214208,859.46,30.48,0.0000,0.00,1400
45.367,32.879,901222400,859.47,30.48,0.0000,0.00,1401
45.400,32.374,901226496,859.48,30.48,0.0000,0.00,1402
45.432,32.119,901230592,859.48,30.48,0.0000,0.00,1403
45.463,31.523,901234688,859.48,30.48,0.0000,0.00,1404
45.495,31.675,901242880,859.49,30.48,0.0000,0.00,1405
45.529,33.839,901246976,859.50,30.48,0.0000,0.00,1406
45.563,34.006,901259264,859.51,30.48,0.0000,0.00,1407
45.599,35.708,901263360,859.51,30.48,0.0000,0.00,1408
45.633,33.933,901271552,859.52,30.48,0.0000,0.00,1409
45.666,33.429,901275648,859.52,30.48,0.0000,0.00,1410
45.698,32.323,901279744,859.53,30.48,0.0000,0.00,1411
45.731,32.406,901283840,859.53,29.90,0.0000,0.00,1412
45.764,33.618,901292032,859.54,29.90,0.0000,0.00,1413
45.799,34.900,901296128,859.54,29.90,0.0000,0.00,1414
45.832,33.030,901300224,859.55,29.90,0.0000,0.00,1415
45.864,32.083,901300224,859.55,29.90,0.0000,0.00,1416
45.899,34.518,901308416,859.55,29.90,0.0000,0.00,1417
45.932,33.033,901312512,859.56,29.90,0.0000,0.00,1418
45.966,33.814,901320704,859.57,29.90,0.0000,0.00,1419
46.005,38.907,901320704,859.57,29.90,0.0000,0.00,1420
46.042,37.651,901332992,859.58,29.90,0.0000,0.00,1421
46.078,35.715,901345280,859.59,29.90,0.0000,0.00,1422
46.117,38.843,901349376,859.59,29.90,0.0000,0.00,1423
46.154,37.106,901353472,859.60,29.90,0.0000,0.00,1424
46.186,32.439,901361664,859.61,29.90,0.0000,0.00,1425
46.221,34.434,901365760,859.61,29.90,0.0000,0.00,1426
46.253,32.540,901369856,859.61,29.90,0.0000,0.00,1427
46.285,31.609,901369856,859.61,29.90,0.0000,0.00,1428
46.319,33.656,901378048,859.62,29.90,0.0000,0.00,1429
46.351,32.221,901382144,859.63,29.90,0.0000,0.00,1430
46.385,33.818,901386240,859.63,29.90,0.0000,0.00,1431
46.418,32.918,901390336,859.63,29.90,0.0000,0.00,1432
46.452,34.811,901398528,859.64,29.90,0.0000,0.00,1433
46.485,32.670,901402624,859.64,29.90,0.0000,0.00,1434
46.517,31.978,901406720,859.65,29.90,0.0000,0.00,1435
46.548,30.895,901410816,859.65,29.90,0.0000,0.00,1436
46.583,34.758,901427200,859.67,29.90,0.0000,0.00,1437
46.615,32.080,901431296,859.67,29.90,0.0000,0.00,1438
46.648,33.355,901435392,859.68,29.90,0.0000,0.00,1439
46.682,33.625,901439488,859.68,29.90,0.0000,0.00,1440
46.716,34.661,901447680,859.69,29.90,0.0000,0.00,1441
46.750,33.104,901451776,859.69,29.45,0.0000,0.00,1442
46.784,33.976,901455872,859.70,29.45,0.0000,0.00,1443
46.818,34.045,901459968,859.70,29.45,0.0000,0.00,1444
46.852,33.883,901468160,859.71,29.45,0.0000,0.00,1445
46.885,33.835,901472256,859.71,29.45,0.0000,0.00,1446
46.918,32.588,901476352,859.71,29.45,0.0000,0.00,1447
46.951,32.907,901480448,859.72,29.45,0.0000,0.00,1448
46.985,34.220,901480448,859.72,29.45,0.0000,0.00,1449
47.024,39.176,901492736,859.73,29.45,0.0000,0.00,1450
47.058,33.907,901496832,859.73,29.45,0.0000,0.00,1451
47.091,32.818,901509120,859.75,29.45,0.0000,0.00,1452
47.126,35.191,901513216,859.75,29.45,0.0000,0.00,1453
47.158,32.099,901517312,859.75,29.45,0.0000,0.00,1454
47.192,33.667,901521408,859.76,29.45,0.0000,0.00,1455
47.226,33.897,901529600,859.77,29.45,0.0000,0.00,1456
47.257,31.401,901533696,859.77,29.45,0.0000,0.00,1457
47.292,35.038,901537792,859.77,29.45,0.0000,0.00,1458
47.326,33.384,901541888,859.78,29.45,0.0000,0.00,1459
47.360,34.026,901545984,859.78,29.45,0.0000,0.00,1460
47.393,33.788,901554176,859.79,29.45,0.0000,0.00,1461
47.425,31.363,901570560,859.80,29.45,0.0000,0.00,1462
47.457,31.812,901582848,859.82,29.45,0.0000,0.00,1463
47.489,32.360,901595136,859.83,29.45,0.0000,0.00,1464
47.523,33.707,901607424,859.84,29.45,0.0000,0.00,1465
47.555,32.516,901623808,859.86,29.45,0.0000,0.00,1466
47.588,32.825,901636096,859.87,29.45,0.0000,0.00,1467
47.623,34.595,901656576,859.89,29.45,0.0000,0.00,1468
47.659,36.731,901668864,859.90,29.45,0.0000,0.00,1469
47.693,33.637,901685248,859.91,29.45,0.0000,0.00,1470
47.726,33.162,901697536,859.93,29.45,0.0000,0.00,1471
47.758,32.339,901718016,859.95,29.74,0.0000,0.00,1472
47.795,36.385,901738496,859.96,29.74,0.0000,0.00,1473
47.828,33.604,901763072,859.99,29.74,0.0000,0.00,1474
47.863,34.182,901779456,860.00,29.74,0.0000,0.00,1475
47.896,33.292,901799936,860.02,29.74,0.0000,0.00,1476
47.928,32.198,901820416,860.04,29.74,0.0000,0.00,1477
47.961,32.813,901840896,860.06,29.74,0.0000,0.00,1478
47.994,33.414,901861376,860.08,29.74,0.0000,0.00,1479
48.027,32.915,901877760,860.10,29.74,0.0000,0.00,1480
48.059,32.069,901898240,860.12,29.74,0.0000,0.00,1481
48.091,31.907,901935104,860.15,29.74,0.0000,0.00,1482
48.126,34.732,901992448,860.21,29.74,0.0000,0.00,1483
48.162,35.994,902033408,860.25,29.74,0.0000,0.00,1484
48.244,82.323,902082560,860.29,29.74,0.0000,0.00,1485
48.301,57.011,902127616,860.34,29.74,0.0000,0.00,1486
48.339,37.979,902168576,860.38,29.74,0.0000,0.00,1487
48.378,38.949,902213632,860.42,29.74,0.0000,0.00,1488
48.419,40.727,902258688,860.46,29.74,0.0000,0.00,1489
48.460,40.915,902299648,860.50,29.74,0.0000,0.00,1490
48.494,34.056,902340608,860.54,29.74,0.0000,0.00,1491
48.558,63.959,902389760,860.59,29.74,0.0000,0.00,1492
48.605,46.656,902438912,860.63,29.74,0.0000,0.00,1493
48.647,42.536,902492160,860.68,29.74,0.0000,0.00,1494
48.685,38.164,902537216,860.73,29.74,0.0000,0.00,1495
48.723,37.378,902578176,860.77,29.74,0.0000,0.00,1496
48.760,37.508,902619136,860.80,24.96,0.0000,0.00,1497
48.803,42.518,902660096,860.84,24.96,0.0000,0.00,1498
48.847,44.446,902705152,860.89,24.96,0.0000,0.00,1499
48.883,35.958,902746112,860.93,24.96,0.0000,0.00,1500
48.917,34.030,902791168,860.97,24.96,0.0000,0.00,1501
48.950,32.692,902832128,861.01,24.96,0.0000,0.00,1502
48.984,34.192,902873088,861.05,24.96,0.0000,0.00,1503
49.080,95.666,902922240,861.09,24.96,0.0000,0.00,1504
49.135,55.173,903258112,861.41,24.96,0.0000,0.00,1505
49.177,42.485,903311360,861.46,24.96,0.0000,0.00,1506
49.214,37.081,903356416,861.51,24.96,0.0000,0.00,1507
49.276,61.433,903401472,861.55,24.96,0.0000,0.00,1508
49.316,40.253,903450624,861.60,24.96,0.0000,0.00,1509
49.351,34.501,903487488,861.63,24.96,0.0000,0.00,1510
49.383,32.487,903528448,861.67,24.96,0.0000,0.00,1511
49.416,32.668,903569408,861.71,24.96,0.0000,0.00,1512
49.449,33.214,903614464,861.75,24.96,0.0000,0.00,1513
49.489,39.758,903651328,861.79,24.96,0.0000,0.00,1514
49.520,31.711,903696384,861.83,24.96,0.0000,0.00,1515
49.552,31.530,903741440,861.88,24.96,0.0000,0.00,1516
49.586,34.024,903786496,861.92,24.96,0.0000,0.00,1517
49.618,31.809,903827456,861.96,24.96,0.0000,0.00,1518
49.650,32.008,903860224,861.99,24.96,0.0000,0.00,1519
49.686,36.146,903913472,862.04,24.96,0.0000,0.00,1520
49.718,32.340,903954432,862.08,24.96,0.0000,0.00,1521
49.754,35.517,903999488,862.12,24.96,0.0000,0.00,1522
49.788,34.444,904044544,862.16,25.29,0.0000,0.00,1523
49.836,47.974,904089600,862.21,25.29,0.0000,0.00,1524
49.880,43.745,904134656,862.25,25.29,0.0000,0.00,1525
49.915,35.220,904175616,862.29,25.29,0.0000,0.00,1526
49.953,38.105,904220672,862.33,25.29,0.0000,0.00,1527
49.989,35.454,904257536,862.37,25.29,0.0000,0.00,1528
50.029,40.707,904302592,862.41,25.29,0.0000,0.00,1529
50.071,41.939,904355840,862.46,25.29,0.0000,0.00,1530
50.111,39.132,904392704,862.50,25.29,0.0000,0.00,1531
50.148,37.951,904437760,862.54,25.29,0.0000,0.00,1532
50.187,38.108,904491008,862.59,25.29,0.0000,0.00,1533
50.221,33.993,904531968,862.63,25.29,0.0000,0.00,1534
50.254,33.332,904572928,862.67,25.29,0.0000,0.00,1535
50.288,33.644,904613888,862.71,25.29,0.0000,0.00,1536
50.322,34.125,904650752,862.74,25.29,0.0000,0.00,1537
50.356,34.828,904691712,862.78,25.29,0.0000,0.00,1538
50.388,31.841,904740864,862.83,25.29,0.0000,0.00,1539
50.424,35.299,904785920,862.87,25.29,0.0000,0.00,1540
50.458,33.897,904822784,862.91,25.29,0.0000,0.00,1541
50.493,35.192,904863744,862.95,25.29,0.0000,0.00,1542
50.527,34.689,904900608,862.98,25.29,0.0000,0.00,1543
50.562,34.877,904949760,863.03,25.29,0.0000,0.00,1544
50.595,32.243,904990720,863.07,25.29,0.0000,0.00,1545
50.632,37.914,905027584,863.10,25.29,0.0000,0.00,1546
50.672,39.727,905072640,863.14,25.29,0.0000,0.00,1547
50.709,36.698,905129984,863.20,25.29,0.0000,0.00,1548
50.747,37.842,905166848,863.23,25.29,0.0000,0.00,1549
50.785,38.425,905211904,863.28,25.29,0.0000,0.00,1550
50.824,39.264,905252864,863.32,27.02,0.0000,0.00,1551
50.865,40.784,905297920,863.36,27.02,0.0000,0.00,1552
50.908,42.972,905347072,863.41,27.02,0.0000,0.00,1553
50.947,38.788,905383936,863.44,27.02,0.0000,0.00,1554
50.982,35.190,905428992,863.48,27.02,0.0000,0.00,1555
51.023,40.434,905465856,863.52,27.02,0.0000,0.00,1556
51.062,39.271,905510912,863.56,27.02,0.0000,0.00,1557
51.099,37.446,905560064,863.61,27.02,0.0000,0.00,1558
51.138,38.864,905596928,863.64,27.02,0.0000,0.00,1559
51.175,37.142,905641984,863.69,27.02,0.0000,0.00,1560
51.217,41.268,905703424,863.75,27.02,0.0000,0.00,1561
51.254,37.674,905744384,863.79,27.02,0.0000,0.00,1562
51.292,37.306,905785344,863.82,27.02,0.0000,0.00,1563
51.330,38.050,905830400,863.87,27.02,0.0000,0.00,1564
51.364,34.178,905871360,863.91,27.02,0.0000,0.00,1565
51.396,32.398,905912320,863.95,27.02,0.0000,0.00,1566
51.431,34.974,905953280,863.98,27.02,0.0000,0.00,1567
51.465,33.537,905990144,864.02,27.02,0.0000,0.00,1568
51.514,49.385,906067968,864.09,27.02,0.0000,0.00,1569
51.803,288.738,907218944,865.19,27.02,0.0000,0.00,1570
51.843,39.963,907259904,865.23,19.64,0.0000,0.00,1571
51.879,36.134,907300864,865.27,19.64,0.0000,0.00,1572
51.916,36.900,907350016,865.32,19.64,0.0000,0.00,1573
51.952,36.598,907395072,865.36,19.64,0.0000,0.00,1574
51.988,36.038,907444224,865.41,19.64,0.0000,0.00,1575
52.024,36.025,907481088,865.44,19.64,0.0000,0.00,1576
52.061,36.566,907522048,865.48,19.64,0.0000,0.00,1577
52.099,37.522,907571200,865.53,19.64,0.0000,0.00,1578
52.134,35.625,907612160,865.57,19.64,0.0000,0.00,1579
52.172,37.714,907657216,865.61,19.64,0.0000,0.00,1580
52.210,38.374,907702272,865.65,19.64,0.0000,0.00,1581
52.248,37.327,907747328,865.70,19.64,0.0000,0.00,1582
52.293,45.032,907792384,865.74,19.64,0.0000,0.00,1583
52.335,42.019,907845632,865.79,19.64,0.0000,0.00,1584
52.376,41.651,907898880,865.84,19.64,0.0000,0.00,1585
52.416,40.104,907943936,865.88,19.64,0.0000,0.00,1586
52.455,38.745,907984896,865.92,19.64,0.0000,0.00,1587
52.497,41.540,908038144,865.97,19.64,0.0000,0.00,1588
52.539,42.789,908079104,866.01,19.64,0.0000,0.00,1589
52.579,39.988,908124160,866.05,19.64,0.0000,0.00,1590
52.617,37.850,908173312,866.10,19.64,0.0000,0.00,1591
52.653,36.101,908214272,866.14,19.64,0.0000,0.00,1592
52.688,35.030,908259328,866.18,19.64,0.0000,0.00,1593
52.723,34.085,908304384,866.23,19.64,0.0000,0.00,1594
52.760,37.659,908345344,866.27,19.64,0.0000,0.00,1595
52.796,35.782,908394496,866.31,19.64,0.0000,0.00,1596
52.832,36.283,908431360,866.35,19.64,0.0000,0.00,1597
52.872,39.410,908488704,866.40,26.24,0.0000,0.00,1598
52.909,37.345,908533760,866.45,26.24,0.0000,0.00,1599
52.947,37.561,908578816,866.49,26.24,0.0000,0.00,1600
52.984,37.474,908619776,866.53,26.24,0.0000,0.00,1601
53.022,38.401,908664832,866.57,26.24,0.0000,0.00,1602
53.062,39.395,908718080,866.62,26.24,0.0000,0.00,1603
53.101,38.686,908763136,866.66,26.24,0.0000,0.00,1604
53.141,40.078,908804096,866.70,26.24,0.0000,0.00,1605
53.181,40.187,908853248,866.75,26.24,0.0000,0.00,1606
53.223,42.679,908906496,866.80,26.24,0.0000,0.00,1607
53.267,43.119,908947456,866.84,26.24,0.0000,0.00,1608
53.308,41.759,908988416,866.88,26.24,0.0000,0.00,1609
53.346,37.857,909033472,866.92,26.24,0.0000,0.00,1610
53.384,38.063,909086720,866.97,26.24,0.0000,0.00,1611
53.421,36.938,909131776,867.02,26.24,0.0000,0.00,1612
53.457,35.379,909180928,867.06,26.24,0.0000,0.00,1613
53.493,36.677,909221888,867.10,26.24,0.0000,0.00,1614
53.543,49.470,909275136,867.15,26.24,0.0000,0.00,1615
53.582,39.279,909312000,867.19,26.24,0.0000,0.00,1616
53.627,45.081,909463552,867.33,26.24,0.0000,0.00,1617
53.668,41.326,909533184,867.40,26.24,0.0000,0.00,1618
53.708,39.381,909578240,867.44,26.24,0.0000,0.00,1619
53.748,40.543,909627392,867.49,26.24,0.0000,0.00,1620
53.804,55.439,909680640,867.54,26.24,0.0000,0.00,1621
53.842,38.518,909717504,867.57,26.24,0.0000,0.00,1622
53.882,39.422,909762560,867.62,24.75,0.0000,0.00,1623
53.920,38.495,909824000,867.68,24.75,0.0000,0.00,1624
53.958,38.267,909864960,867.71,24.75,0.0000,0.00,1625
53.998,39.512,909910016,867.76,24.75,0.0000,0.00,1626
54.034,36.425,909959168,867.80,24.75,0.0000,0.00,1627
54.069,34.145,910000128,867.84,24.75,0.0000,0.00,1628
54.105,36.191,910041088,867.88,24.75,0.0000,0.00,1629
54.140,35.584,910086144,867.93,24.75,0.0000,0.00,1630
54.175,34.203,910135296,867.97,24.75,0.0000,0.00,1631
54.211,36.971,910176256,868.01,24.75,0.0000,0.00,1632
54.268,56.402,910286848,868.12,24.75,0.0000,0.00,1633
54.322,54.011,910336000,868.16,24.75,0.0000,0.00,1634
54.354,32.313,910376960,868.20,24.75,0.0000,0.00,1635
54.388,34.117,910417920,868.24,24.75,0.0000,0.00,1636
54.424,35.498,910479360,868.30,24.75,0.0000,0.00,1637
54.457,33.554,910524416,868.34,24.75,0.0000,0.00,1638
54.501,43.574,910565376,868.38,24.75,0.0000,0.00,1639
54.539,37.651,910606336,868.42,24.75,0.0000,0.00,1640
54.578,39.313,910647296,868.46,24.75,0.0000,0.00,1641
54.614,35.856,910688256,868.50,24.75,0.0000,0.00,1642
54.653,39.166,910729216,868.54,24.75,0.0000,0.00,1643
54.690,37.538,910770176,868.58,24.75,0.0000,0.00,1644
54.726,35.568,910815232,868.62,24.75,0.0000,0.00,1645
54.763,37.037,910856192,868.66,24.75,0.0000,0.00,1646
54.803,39.673,910901248,868.70,24.75,0.0000,0.00,1647
54.841,38.651,910942208,868.74,24.75,0.0000,0.00,1648
54.878,36.475,910995456,868.79,24.75,0.0000,0.00,1649
54.915,37.527,911036416,868.83,26.12,0.0000,0.00,1650
54.948,32.778,911085568,868.88,26.12,0.0000,0.00,1651
54.983,34.564,911126528,868.92,26.12,0.0000,0.00,1652
55.016,33.240,911171584,868.96,26.12,0.0000,0.00,1653
55.049,33.480,911208448,869.00,26.12,0.0000,0.00,1654
55.084,34.515,911249408,869.04,26.12,0.0000,0.00,1655
55.116,31.568,911290368,869.07,26.12,0.0000,0.00,1656
55.147,30.932,911331328,869.11,26.12,0.0000,0.00,1657
55.179,32.183,911372288,869.15,26.12,0.0000,0.00,1658
55.213,34.387,911417344,869.20,26.12,0.0000,0.00,1659
55.245,32.243,911462400,869.24,26.12,0.0000,0.00,1660
55.277,31.706,911503360,869.28,26.12,0.0000,0.00,1661
55.314,36.640,911544320,869.32,26.12,0.0000,0.00,1662
55.348,34.586,911581184,869.35,26.12,0.0000,0.00,1663
55.382,33.946,911626240,869.39,26.12,0.0000,0.00,1664
55.414,31.938,911667200,869.43,26.12,0.0000,0.00,1665
55.449,34.894,911720448,869.48,26.12,0.0000,0.00,1666
55.482,33.278,911769600,869.53,26.12,0.0000,0.00,1667
55.516,33.976,911814656,869.57,26.12,0.0000,0.00,1668
55.548,31.250,911847424,869.61,26.12,0.0000,0.00,1669
55.584,36.175,911892480,869.65,26.12,0.0000,0.00,1670
55.616,32.787,911933440,869.69,26.12,0.0000,0.00,1671
55.650,33.968,911982592,869.73,26.12,0.0000,0.00,1672
55.686,35.896,912023552,869.77,26.12,0.0000,0.00,1673
55.721,35.064,912056320,869.80,26.12,0.0000,0.00,1674
55.754,32.860,912097280,869.84,26.12,0.0000,0.00,1675
55.788,33.494,912138240,869.88,26.12,0.0000,0.00,1676
55.821,33.682,912183296,869.93,26.12,0.0000,0.00,1677
55.854,32.557,912228352,869.97,26.12,0.0000,0.00,1678
55.885,31.319,912265216,870.00,26.12,0.0000,0.00,1679
55.919,33.707,912310272,870.05,29.89,0.0000,0.00,1680
55.952,33.337,912363520,870.10,29.89,0.0000,0.00,1681
55.986,33.302,912404480,870.14,29.89,0.0000,0.00,1682
56.018,32.777,912445440,870.18,29.89,0.0000,0.00,1683
56.055,36.572,912490496,870.22,29.89,0.0000,0.00,1684
56.090,34.803,912527360,870.25,29.89,0.0000,0.00,1685
56.124,33.883,912564224,870.29,29.89,0.0000,0.00,1686
56.158,34.106,912609280,870.33,29.89,0.0000,0.00,1687
56.191,33.533,912654336,870.38,29.89,0.0000,0.00,1688
56.225,33.869,912695296,870.41,29.89,0.0000,0.00,1689
56.263,37.962,912736256,870.45,29.89,0.0000,0.00,1690
56.297,34.076,912773120,870.49,29.89,0.0000,0.00,1691
56.333,35.977,912830464,870.54,29.89,0.0000,0.00,1692
56.368,34.854,912867328,870.58,29.89,0.0000,0.00,1693
56.403,34.621,912908288,870.62,29.89,0.0000,0.00,1694
56.438,35.243,912949248,870.66,29.89,0.0000,0.00,1695
56.477,38.578,913010688,870.71,29.89,0.0000,0.00,1696
56.509,32.907,913043456,870.75,29.89,0.0000,0.00,1697
56.542,32.883,913088512,870.79,29.89,0.0000,0.00,1698
56.575,33.070,913125376,870.82,29.89,0.0000,0.00,1699
56.609,33.342,913170432,870.87,29.89,0.0000,0.00,1700
56.641,32.439,913215488,870.91,29.89,0.0000,0.00,1701
56.675,34.086,913252352,870.95,29.89,0.0000,0.00,1702
56.708,32.664,913297408,870.99,29.89,0.0000,0.00,1703
56.743,35.446,913338368,871.03,29.89,0.0000,0.00,1704
56.777,33.574,913379328,871.07,29.89,0.0000,0.00,1705
56.811,34.542,913420288,871.11,29.89,0.0000,0.00,1706
56.845,33.781,913465344,871.15,29.89,0.0000,0.00,1707
56.878,32.521,913502208,871.18,29.89,0.0000,0.00,1708
56.912,33.898,913547264,871.23,29.89,0.0000,0.00,1709
56.946,34.743,913588224,871.27,29.20,0.0000,0.00,1710
56.982,35.455,913641472,871.32,29.20,0.0000,0.00,1711
57.016,33.873,913686528,871.36,29.20,0.0000,0.00,1712
57.049,33.621,913727488,871.40,29.20,0.0000,0.00,1713
57.084,35.020,913764352,871.43,29.20,0.0000,0.00,1714
57.120,35.412,913805312,871.47,29.20,0.0000,0.00,1715
57.152,32.100,913854464,871.52,29.20,0.0000,0.00,1716
57.185,33.100,913895424,871.56,29.20,0.0000,0.00,1717
57.219,33.766,913936384,871.60,29.20,0.0000,0.00,1718
57.252,32.888,913973248,871.63,29.20,0.0000,0.00,1719
57.287,35.239,914014208,871.67,29.20,0.0000,0.00,1720
57.321,33.890,914063360,871.72,29.20,0.0000,0.00,1721
57.357,36.045,914108416,871.76,29.20,0.0000,0.00,1722
57.391,34.065,914149376,871.80,29.20,0.0000,0.00,1723
57.424,33.181,914186240,871.84,29.20,0.0000,0.00,1724
57.459,35.211,914231296,871.88,29.20,0.0000,0.00,1725
57.492,33.012,914284544,871.93,29.20,0.0000,0.00,1726
57.526,33.265,914325504,871.97,29.20,0.0000,0.00,1727
57.560,34.048,914374656,872.02,29.20,0.0000,0.00,1728
57.594,34.478,914419712,872.06,29.20,0.0000,0.00,1729
57.627,33.181,914464768,872.10,29.20,0.0000,0.00,1730
57.661,33.624,914505728,872.14,29.20,0.0000,0.00,1731
57.693,32.234,914546688,872.18,29.20,0.0000,0.00,1732
57.725,31.695,914595840,872.23,29.20,0.0000,0.00,1733
57.759,33.769,914636800,872.27,29.20,0.0000,0.00,1734
57.792,33.850,914681856,872.31,29.20,0.0000,0.00,1735
57.827,34.069,914731008,872.36,29.20,0.0000,0.00,1736
57.860,33.194,914776064,872.40,29.20,0.0000,0.00,1737
57.894,34.237,914821120,872.44,29.20,0.0000,0.00,1738
57.927,33.411,914862080,872.48,29.20,0.0000,0.00,1739
57.962,34.639,914911232,872.53,29.54,0.0000,0.00,1740
57.996,33.972,914972672,872.59,29.54,0.0000,0.00,1741
58.029,32.748,915013632,872.63,29.54,0.0000,0.00,1742
58.069,40.396,915136512,872.74,29.54,0.0000,0.00,1743
58.111,42.170,915189760,872.79,29.54,0.0000,0.00,1744
58.146,34.822,915234816,872.84,29.54,0.0000,0.00,1745
58.179,32.469,915275776,872.88,29.54,0.0000,0.00,1746
58.212,33.262,915324928,872.92,29.54,0.0000,0.00,1747
58.246,33.836,915390464,872.98,29.54,0.0000,0.00,1748
58.282,36.306,915439616,873.03,29.54,0.0000,0.00,1749
58.320,38.356,915501056,873.09,29.54,0.0000,0.00,1750
58.361,40.841,915558400,873.14,29.54,0.0000,0.00,1751
58.398,36.584,915623936,873.21,29.54,0.0000,0.00,1752
58.434,36.344,915685376,873.27,29.54,0.0000,0.00,1753
58.472,38.203,915742720,873.32,29.54,0.0000,0.00,1754
58.509,37.130,915808256,873.38,29.54,0.0000,0.00,1755
58.543,33.458,915861504,873.43,29.54,0.0000,0.00,1756
58.580,36.863,915922944,873.49,29.54,0.0000,0.00,1757
58.612,32.149,915984384,873.55,29.54,0.0000,0.00,1758
58.647,34.964,916041728,873.61,29.54,0.0000,0.00,1759
58.682,35.050,916103168,873.66,29.54,0.0000,0.00,1760
58.715,33.282,916152320,873.71,29.54,0.0000,0.00,1761
58.749,34.138,916213760,873.77,29.54,0.0000,0.00,1762
58.784,34.522,916271104,873.82,29.54,0.0000,0.00,1763
58.820,36.411,916332544,873.88,29.54,0.0000,0.00,1764
58.855,34.255,916385792,873.93,29.54,0.0000,0.00,1765
58.890,35.173,916447232,873.99,29.54,0.0000,0.00,1766
58.925,35.189,916496384,874.04,29.54,0.0000,0.00,1767
58.958,32.969,916561920,874.10,29.54,0.0000,0.00,1768
58.995,37.601,916619264,874.16,28.06,0.0000,0.00,1769
59.046,50.386,916688896,874.22,28.06,0.0000,0.00,1770
59.088,42.652,916754432,874.29,28.06,0.0000,0.00,1771
59.129,40.367,916815872,874.34,28.06,0.0000,0.00,1772
59.164,34.961,916860928,874.39,28.06,0.0000,0.00,1773
59.199,35.582,916918272,874.44,28.06,0.0000,0.00,1774
59.236,36.466,916979712,874.50,28.06,0.0000,0.00,1775
59.282,46.047,917037056,874.55,28.06,0.0000,0.00,1776
59.329,46.722,917102592,874.62,28.06,0.0000,0.00,1777
59.361,32.381,917164032,874.68,28.06,0.0000,0.00,1778
59.395,33.570,917217280,874.73,28.06,0.0000,0.00,1779
59.430,35.330,917274624,874.78,28.06,0.0000,0.00,1780
59.465,34.675,917336064,874.84,28.06,0.0000,0.00,1781
59.500,35.234,917401600,874.90,28.06,0.0000,0.00,1782
59.534,33.734,917454848,874.95,28.06,0.0000,0.00,1783
59.569,35.334,917520384,875.02,28.06,0.0000,0.00,1784
59.603,34.118,917569536,875.06,28.06,0.0000,0.00,1785
59.636,32.518,917635072,875.13,28.06,0.0000,0.00,1786
59.668,32.728,917692416,875.18,28.06,0.0000,0.00,1787
59.701,32.766,917753856,875.24,28.06,0.0000,0.00,1788
59.736,34.758,917811200,875.29,28.06,0.0000,0.00,1789
59.772,35.826,917864448,875.34,28.06,0.0000,0.00,1790
59.806,34.351,917929984,875.41,28.06,0.0000,0.00,1791
59.842,35.594,917987328,875.46,28.06,0.0000,0.00,1792
59.876,34.696,918044672,875.52,28.06,0.0000,0.00,1793
59.911,35.058,918106112,875.57,28.06,0.0000,0.00,1794
59.945,34.068,918155264,875.62,28.06,0.0000,0.00,1795
59.978,32.355,918208512,875.67,28.06,0.0000,0.00,1796
